단속일시,단속원금,단속동,단속장소,위반내용,견인지시
2022-10-01 07:25:00,32000,능동,어린이대공원 정문,주차금지(황색점선)구역,미견인
2022-10-01 08:53:00,40000,구의동,546-3,안전지대,미견인
2022-10-01 09:56:00,32000,화양동,건대입구 3번 출구 앞,주차금지(황색점선)구역,미견인
2022-10-01 10:36:00,32000,능동,서울특별시 광진구 능동로 290,보도,미견인
2022-10-01 10:41:00,32000,구의동,지너스타워 주차장 앞,횡단보도,미견인
2022-10-01 11:18:00,32000,화양동,서울특별시 광진구 동일로 122,보도,미견인
2022-10-01 11:39:00,32000,광장동,535-3,보도,미견인
2022-10-01 12:40:00,32000,능동,서울특별시 광진구 능동로 296,보도,미견인
2022-10-01 12:59:00,50000,중곡동,244-9,보도,미견인
2022-10-01 13:00:00,32000,능동,279-4,보도,미견인
2022-10-01 13:38:00,32000,구의동,지너스타워 주차장 앞,주정차금지(황색실선)구역,미견인
2022-10-01 14:20:00,32000,능동,256-1,보도,미견인
2022-10-01 16:07:00,32000,구의동,199-92,보도,미견인
2022-10-01 16:36:00,40000,화양동,건대입구 3번 출구 앞,주차금지(황색점선)구역,미견인
2022-10-01 17:01:00,40000,자양동,553-517,횡단보도,미견인
2022-10-01 17:08:00,32000,능동,282-6,보도,미견인
2022-10-01 17:28:00,32000,구의동,서울특별시 광진구 구의강변로 22,횡단보도,미견인
2022-10-01 17:35:00,32000,능동,서울시민안전체험관 앞,교통소통장애,미견인
2022-10-01 17:37:00,32000,구의동,리젠트오피스텔건너편,안전지대,미견인
2022-10-01 17:59:00,40000,광장동,484-3,교차로,미견인
2022-10-01 19:19:00,40000,중곡동,서울특별시 광진구 영화사로 30,버스정류소,미견인
2022-10-01 19:21:00,32000,광장동,486-1,버스정류소,미견인
2022-10-01 19:31:00,40000,화양동,건대입구 1번 출구 앞,주정차금지(황색실선)구역,미견인
2022-10-01 19:33:00,32000,구의동,지너스타워 주차장 앞,주정차금지(황색실선)구역,미견인
2022-10-01 19:35:00,32000,중곡동,150-175,횡단보도,미견인
2022-10-01 19:42:00,40000,광장동,141-2,보도,미견인
2022-10-01 20:04:00,40000,중곡동,서울특별시 광진구 긴고랑로 43,버스정류소,미견인
2022-10-01 20:06:00,40000,중곡동,서울특별시 광진구 긴고랑로 43,버스정류소,미견인
2022-10-01 20:27:00,32000,구의동,리젠트오피스텔건너편,안전지대,미견인
2022-10-01 20:40:00,32000,구의동,31-7,보도,미견인
2022-10-01 21:15:00,32000,구의동,지너스타워 주차장 앞,교통소통장애,미견인
2022-10-01 21:22:00,32000,화양동,건대입구 1번 출구 앞,횡단보도,미견인
2022-10-01 21:29:00,32000,광장동,453-7,교차로,미견인
2022-10-01 21:32:00,40000,광장동,486-1,교차로,미견인
2022-10-01 21:54:00,40000,구의동,서울특별시 광진구 구의로 19-1,보도,미견인
2022-10-01 22:12:00,40000,자양동,09-04,횡단보도,미견인
2022-10-01 22:43:00,32000,자양동,553-48,횡단보도,미견인
2022-10-01 22:45:00,32000,자양동,서울특별시 광진구 자양로13길 103,보도,미견인
2022-10-01 23:02:00,32000,광장동,453-7,횡단보도,미견인
2022-10-02 08:15:00,8000,광장동,486-1,버스정류소,미견인
2022-10-02 10:30:00,32000,구의동,동서울터미널 주차장 앞,주정차금지(황색실선)구역,미견인
2022-10-02 10:34:00,32000,구의동,631-1,버스정류소,미견인
2022-10-02 10:54:00,32000,중곡동,Jan-56,횡단보도,미견인
2022-10-02 11:50:00,40000,자양동,서울특별시 광진구 아차산로 330,보도,미견인
2022-10-02 11:52:00,32000,자양동,서울특별시 광진구 아차산로 328,버스정류소,미견인
2022-10-02 11:55:00,32000,자양동,796,보도,미견인
2022-10-02 11:58:00,32000,자양동,서울특별시 광진구 아차산로 312,보도,미견인
2022-10-02 13:12:00,40000,자양동,서울특별시 광진구 자양번영로 34,보도,미견인
2022-10-02 13:25:00,32000,군자동,355-9,보도,미견인
2022-10-02 13:34:00,10000,중곡동,서울특별시 광진구 긴고랑로 43,버스정류소,미견인
2022-10-02 13:36:00,40000,중곡동,서울특별시 광진구 긴고랑로 35,보도,미견인
2022-10-02 13:47:00,32000,중곡동,서울특별시 광진구 능동로 393,버스정류소,미견인
2022-10-02 14:18:00,32000,중곡동,서울특별시 광진구 용마산로 98,버스정류소,미견인
2022-10-02 14:35:00,32000,중곡동,서울특별시 광진구 영화사로 17,버스정류소,미견인
2022-10-02 14:57:00,32000,광장동,486-1,버스정류소,미견인
2022-10-02 15:18:00,32000,자양동,227-132,보도,미견인
2022-10-02 15:18:00,32000,구의동,지너스타워 주차장 앞,주정차금지(황색실선)구역,미견인
2022-10-02 15:21:00,32000,중곡동,서울특별시 광진구 천호대로 531,보도,미견인
2022-10-02 15:37:00,32000,구의동,지너스타워 주차장 앞,주정차금지(황색실선)구역,미견인
2022-10-02 16:46:00,40000,구의동,서울특별시 광진구 구의강변로3가길 33,보도,미견인
2022-10-02 16:51:00,40000,구의동,서울특별시 광진구 아차산로60길 9,횡단보도,미견인
2022-10-02 16:52:00,32000,구의동,지너스타워 주차장 앞,주정차금지(황색실선)구역,미견인
2022-10-02 17:10:00,40000,광장동,484-3,교차로,미견인
2022-10-02 17:13:00,32000,광장동,484-3,교차로,미견인
2022-10-02 17:17:00,32000,광장동,486-1,버스정류소,미견인
2022-10-02 17:19:00,32000,광장동,554-7,버스정류소,미견인
2022-10-02 17:20:00,32000,자양동,01-06,보도,미견인
2022-10-02 17:20:00,32000,중곡동,139-40,횡단보도,미견인
2022-10-02 18:29:00,40000,자양동,12-10,교차로,미견인
2022-10-02 18:32:00,32000,자양동,12-10,교차로,미견인
2022-10-02 18:57:00,40000,구의동,리젠트오피스텔건너편,교통소통장애,미견인
2022-10-02 19:09:00,32000,구의동,지너스타워 주차장 앞,주정차금지(황색실선)구역,미견인
2022-10-02 21:03:00,32000,구의동,지너스타워 주차장 앞,주정차금지(황색실선)구역,미견인
2022-10-02 21:07:00,32000,구의동,지너스타워 주차장 앞,주정차금지(황색실선)구역,미견인
2022-10-02 21:18:00,40000,자양동,553-517,횡단보도,미견인
2022-10-03 06:31:00,32000,광장동,453-7,버스정류소,미견인
2022-10-03 06:34:00,32000,자양동,794-2,보도,미견인
2022-10-03 08:17:00,32000,화양동,건대입구 1번 출구 앞,주차금지(황색점선)구역,미견인
2022-10-03 09:47:00,40000,중곡동,51-33,횡단보도,미견인
2022-10-03 09:57:00,32000,광장동,334-12,보도,미견인
2022-10-03 10:41:00,40000,구의동,리젠트오피스텔건너편,안전지대,미견인
2022-10-03 11:05:00,40000,구의동,리젠트오피스텔건너편,안전지대,미견인
2022-10-03 11:14:00,32000,구의동,지너스타워 주차장 앞,주정차금지(황색실선)구역,미견인
2022-10-03 11:23:00,32000,군자동,세종대정문,주차금지(황색점선)구역,미견인
2022-10-03 12:06:00,32000,군자동,세종대정문,주차금지(황색점선)구역,미견인
2022-10-03 12:10:00,32000,구의동,지너스타워 주차장 앞,주정차금지(황색실선)구역,미견인
2022-10-03 12:17:00,32000,자양동,637,횡단보도,미견인
2022-10-03 12:23:00,40000,자양동,서울특별시 광진구 자양번영로 56-1,버스정류소,미견인
2022-10-03 12:31:00,40000,구의동,리젠트오피스텔건너편,안전지대,미견인
2022-10-03 14:04:00,32000,구의동,서울특별시 광진구 광나루로 513,보도,미견인
2022-10-03 14:07:00,40000,화양동,건대입구 1번 출구 앞,주차금지(황색점선)구역,미견인
2022-10-03 14:26:00,32000,자양동,634-38,횡단보도,미견인
2022-10-03 14:30:00,32000,자양동,634-38,횡단보도,미견인
2022-10-03 14:53:00,40000,구의동,지너스타워 주차장 앞,주정차금지(황색실선)구역,미견인
2022-10-03 15:14:00,32000,구의동,지너스타워 주차장 앞,주정차금지(황색실선)구역,미견인
2022-10-03 15:21:00,64000,중곡동,서울특별시 광진구 긴고랑로 85,특별구역,미견인
2022-10-03 15:49:00,32000,군자동,세종대정문,주차금지(황색점선)구역,미견인
2022-10-03 15:51:00,32000,중곡동,서울특별시 광진구 긴고랑로 43,버스정류소,미견인
2022-10-03 15:53:00,50000,구의동,서울특별시 광진구 뚝섬로 742,횡단보도,미견인
2022-10-03 15:57:00,32000,중곡동,서울특별시 광진구 긴고랑로 43,버스정류소,미견인
2022-10-03 16:16:00,32000,중곡동,서울특별시 광진구 긴고랑로 43,버스정류소,미견인
2022-10-03 16:20:00,32000,중곡동,서울특별시 광진구 천호대로 527,보도,미견인
2022-10-03 16:22:00,32000,중곡동,서울특별시 광진구 천호대로 531,보도,미견인
2022-10-03 16:32:00,32000,중곡동,서울특별시 광진구 긴고랑로 47,보도,미견인
2022-10-03 17:22:00,32000,구의동,지너스타워 주차장 앞,주정차금지(황색실선)구역,미견인
2022-10-03 17:42:00,40000,구의동,지너스타워 주차장 앞,주정차금지(황색실선)구역,미견인
2022-10-03 18:01:00,32000,구의동,리젠트오피스텔건너편,주차금지(황색점선)구역,미견인
2022-10-03 18:11:00,32000,광장동,484-3,교차로,미견인
2022-10-03 18:19:00,32000,중곡동,241-19,보도,미견인
2022-10-03 19:35:00,32000,구의동,지너스타워 주차장 앞,주정차금지(황색실선)구역,미견인
2022-10-03 19:49:00,40000,자양동,616-30,보도,미견인
2022-10-03 20:01:00,32000,광장동,326-15,보도,미견인
2022-10-03 20:06:00,64000,광장동,320-15,특별구역,미견인
2022-10-03 20:34:00,32000,구의동,지너스타워 주차장 앞,주정차금지(황색실선)구역,미견인
2022-10-03 21:19:00,32000,화양동,건대입구 3번 출구 앞,주차금지(황색점선)구역,미견인
2022-10-03 21:26:00,40000,광장동,서울특별시 광진구 광장로 76,횡단보도,미견인
2022-10-04 07:43:00,32000,중곡동,MB모터스 옆,주차금지(황색점선)구역,미견인
2022-10-04 07:51:00,32000,중곡동,중곡지구대 앞,주차금지(황색점선)구역,미견인
2022-10-04 08:04:00,40000,군자동,두산위브 앞,주차금지(황색점선)구역,미견인
2022-10-04 08:24:00,120000,중곡동,신성그랜드타워 앞,보도,미견인
2022-10-04 08:46:00,32000,자양동,서울특별시 광진구 자양로 95,횡단보도,미견인
2022-10-04 08:55:00,32000,중곡동,서울 광진구 천호대로 577 (중곡동),보도,미견인
2022-10-04 09:30:00,32000,구의동,동서울터미널 주차장 앞,주차금지(황색점선)구역,미견인
2022-10-04 09:35:00,32000,구의동,구의동 웰츠타워 앞,교통소통장애,미견인
2022-10-04 09:39:00,40000,구의동,국민은행 앞,주차금지(황색점선)구역,미견인
2022-10-04 10:18:00,50000,구의동,구의동 웰츠타워 앞,교통소통장애,미견인
2022-10-04 10:23:00,40000,중곡동,우리은행 앞,버스정류소,미견인
2022-10-04 10:38:00,96000,군자동,노인종합복지관 앞,보도,미견인
2022-10-04 11:34:00,40000,구의동,리젠트오피스텔건너편,교통소통장애,미견인
2022-10-04 12:05:00,96000,중곡동,신성그랜드타워 앞,보도,미견인
2022-10-04 12:28:00,40000,화양동,서울특별시 광진구 능동로17길 34,교차로,미견인
2022-10-04 12:35:00,40000,화양동,건국대병원 맞은편,주정차금지(황색실선)구역,미견인
2022-10-04 12:40:00,40000,구의동,국민은행 앞,주차금지(황색점선)구역,미견인
2022-10-04 13:11:00,96000,구의동,강변 스파랜드 앞,횡단보도,미견인
2022-10-04 13:36:00,32000,구의동,지너스타워 주차장 앞,주정차금지(황색실선)구역,미견인
2022-10-04 13:48:00,32000,중곡동,태양주유소 앞,주차금지(황색점선)구역,미견인
2022-10-04 13:54:00,32000,군자동,두산위브 앞,주차금지(황색점선)구역,미견인
2022-10-04 14:13:00,104000,중곡동,신성그랜드타워 앞,보도,미견인
2022-10-04 15:11:00,96000,자양동,성동초등학교 앞,주정차금지(황색실선)구역,미견인
2022-10-04 15:21:00,40000,중곡동,MB모터스 옆,주차금지(황색점선)구역,미견인
2022-10-04 15:38:00,32000,중곡동,고신경정신과의원 앞,주차금지(황색점선)구역,미견인
2022-10-04 15:55:00,32000,구의동,구의동 웰츠타워 앞,교통소통장애,미견인
2022-10-04 16:01:00,40000,구의동,강변 스파랜드 앞,주차금지(황색점선)구역,미견인
2022-10-04 16:12:00,32000,구의동,지너스타워 주차장 앞,주정차금지(황색실선)구역,미견인
2022-10-04 16:13:00,32000,중곡동,태양주유소 앞,주차금지(황색점선)구역,미견인
2022-10-04 16:31:00,32000,구의동,프라임아파트 정문(213동),주정차금지(황색실선)구역,미견인
2022-10-04 16:53:00,40000,능동,아씨방 앞,주정차금지(황색실선)구역,미견인
2022-10-04 17:09:00,96000,중곡동,신성그랜드타워 앞,보도,미견인
2022-10-04 17:30:00,32000,구의동,구의동 웰츠타워 앞,주차금지(황색점선)구역,미견인
2022-10-04 17:35:00,32000,구의동,국민은행 앞,보도,미견인
2022-10-04 17:46:00,32000,중곡동,중곡문화체육센터 앞,횡단보도,미견인
2022-10-04 17:55:00,40000,광장동,광장 힐스테이 상가 건너편,주차금지(황색점선)구역,미견인
2022-10-04 18:01:00,32000,구의동,구의동 웰츠타워 앞,교통소통장애,미견인
2022-10-04 18:08:00,32000,능동,어린이대공원 정문,주차금지(황색점선)구역,미견인
2022-10-04 18:25:00,32000,중곡동,서울특별시 광진구 천호대로 537,보도,미견인
2022-10-04 18:39:00,120000,군자동,노인종합복지관 앞,보도,미견인
2022-10-04 18:40:00,32000,군자동,두산위브 앞,주차금지(황색점선)구역,미견인
2022-10-04 18:45:00,32000,중곡동,51-33,횡단보도,미견인
2022-10-04 18:57:00,80000,자양동,553-232,특별구역,미견인
2022-10-04 19:09:00,40000,중곡동,우리은행 앞,주차금지(황색점선)구역,미견인
2022-10-04 19:09:00,40000,중곡동,MB모터스 옆,횡단보도,미견인
2022-10-04 19:21:00,96000,광장동,486-1,특별구역,미견인
2022-10-04 19:22:00,40000,중곡동,고신경정신과의원 앞,횡단보도,미견인
2022-10-04 19:39:00,40000,군자동,광진광장,주차금지(황색점선)구역,미견인
2022-10-04 20:25:00,32000,자양동,자양동 동제한의원 앞,주차금지(황색점선)구역,미견인
2022-10-04 20:37:00,32000,화양동,건대입구 1번 출구 앞,횡단보도,미견인
2022-10-04 20:40:00,32000,자양동,227-17,보도,미견인
2022-10-04 20:48:00,40000,군자동,광진광장,주정차금지(황색실선)구역,미견인
2022-10-04 21:08:00,40000,구의동,구의동 웰츠타워 앞,주차금지(황색점선)구역,미견인
2022-10-04 21:16:00,10000,자양동,서울특별시 광진구 능동로 42,안전지대,미견인
2022-10-04 21:20:00,32000,자양동,서울특별시 광진구 능동로 33-16,안전지대,미견인
2022-10-04 21:53:00,32000,구의동,구의동 웰츠타워 앞,횡단보도,미견인
2022-10-04 23:05:00,32000,광장동,566,버스정류소,미견인
2022-10-04 23:10:00,32000,중곡동,May-69,소방차(긴급차량)통행장애,미견인
2022-10-04 23:26:00,40000,중곡동,648-15,보도,미견인
2022-10-05 04:07:00,40000,자양동,610-44,교차로,미견인
2022-10-05 06:39:00,32000,광장동,125,버스정류소,미견인
2022-10-05 07:15:00,40000,구의동,강변역 1번 출구,주정차금지(황색실선)구역,미견인
2022-10-05 07:55:00,32000,자양동,한국보건의료인 국가시험원 앞,보도,미견인
2022-10-05 08:04:00,40000,군자동,두산위브 앞,주차금지(황색점선)구역,미견인
2022-10-05 08:37:00,40000,군자동,군자 메가박스 앞,주차금지(황색점선)구역,미견인
2022-10-05 09:41:00,40000,구의동,72-24,교차로,미견인
2022-10-05 10:19:00,80000,화양동,225,특별구역,미견인
2022-10-05 10:19:00,32000,구의동,강변역 1번 출구,주정차금지(황색실선)구역,미견인
2022-10-05 10:39:00,32000,중곡동,서울특별시 광진구 능동로 378,보도,미견인
2022-10-05 10:39:00,40000,구의동,리젠트오피스텔건너편,안전지대,미견인
2022-10-05 11:09:00,120000,구의동,강변 스파랜드 앞,보도,미견인
2022-10-05 11:10:00,40000,중곡동,우리은행 앞,주차금지(황색점선)구역,미견인
2022-10-05 11:25:00,96000,군자동,두산위브 앞,주정차금지(황색실선)구역,미견인
2022-10-05 11:33:00,40000,군자동,광진광장,주차금지(황색점선)구역,미견인
2022-10-05 11:34:00,32000,중곡동,우리은행 앞,주차금지(황색점선)구역,미견인
2022-10-05 11:38:00,32000,중곡동,18-136,교차로,미견인
2022-10-05 11:51:00,32000,구의동,구의사거리,횡단보도,미견인
2022-10-05 12:03:00,40000,광장동,광현교회 앞,횡단보도,미견인
2022-10-05 12:06:00,40000,자양동,자양동 동제한의원 앞,주차금지(황색점선)구역,미견인
2022-10-05 12:17:00,40000,구의동,구의동 웰츠타워 앞,교통소통장애,미견인
2022-10-05 12:20:00,32000,중곡동,우리은행 앞,주차금지(황색점선)구역,미견인
2022-10-05 12:25:00,32000,광장동,광장 힐스테이 상가 건너편,주차금지(황색점선)구역,미견인
2022-10-05 12:44:00,32000,광장동,광장 힐스테이 상가 건너편,주차금지(황색점선)구역,미견인
2022-10-05 13:32:00,32000,중곡동,태양주유소 앞,주차금지(황색점선)구역,미견인
2022-10-05 13:47:00,40000,중곡동,MB모터스 옆,주차금지(황색점선)구역,미견인
2022-10-05 14:05:00,32000,자양동,CU 자양써밋플레이스점 건너,보도,미견인
2022-10-05 14:37:00,40000,군자동,군자 메가박스 앞,횡단보도,미견인
2022-10-05 14:58:00,32000,중곡동,서울특별시 광진구 천호대로 533,보도,미견인
2022-10-05 14:59:00,32000,자양동,CU 자양써밋플레이스점 건너,보도,미견인
2022-10-05 15:13:00,32000,중곡동,우리은행 앞,주차금지(황색점선)구역,미견인
2022-10-05 15:30:00,32000,중곡동,중곡지구대 앞,주차금지(황색점선)구역,미견인
2022-10-05 16:23:00,40000,광장동,광장 힐스테이 상가 건너편,주차금지(황색점선)구역,미견인
2022-10-05 16:42:00,32000,중곡동,공원약국 앞,주정차금지(황색실선)구역,미견인
2022-10-05 17:29:00,40000,중곡동,태양주유소 앞,주차금지(황색점선)구역,미견인
2022-10-05 17:46:00,8000,구의동,593-14,보도,미견인
2022-10-05 17:54:00,32000,구의동,리젠트오피스텔건너편,안전지대,미견인
2022-10-05 18:17:00,32000,군자동,469-10,횡단보도,미견인
2022-10-05 18:18:00,32000,군자동,355-9,보도,미견인
2022-10-05 18:21:00,40000,중곡동,서울특별시 광진구 영화사로 17,버스정류소,미견인
2022-10-05 18:31:00,32000,중곡동,41-35,보도,미견인
2022-10-05 18:36:00,32000,중곡동,중곡문화체육센터 앞,주차금지(황색점선)구역,미견인
2022-10-05 18:51:00,32000,구의동,구의동 웰츠타워 앞,교통소통장애,미견인
2022-10-05 19:02:00,32000,구의동,리젠트오피스텔건너편,주차금지(황색점선)구역,미견인
2022-10-05 19:03:00,32000,중곡동,우리은행 앞,주차금지(황색점선)구역,미견인
2022-10-05 19:08:00,32000,중곡동,서울특별시 광진구 긴고랑로 43,버스정류소,미견인
2022-10-05 19:10:00,96000,광장동,486-1,특별구역,미견인
2022-10-05 19:18:00,40000,군자동,98-38,보도,미견인
2022-10-05 19:25:00,32000,중곡동,서울특별시 광진구 긴고랑로 37,보도,미견인
2022-10-05 19:30:00,40000,중곡동,서울특별시 광진구 긴고랑로 43,버스정류소,미견인
2022-10-05 20:02:00,32000,광장동,246-6,보도,미견인
2022-10-05 20:04:00,32000,광장동,238,보도,미견인
2022-10-05 20:06:00,40000,자양동,CU 자양써밋플레이스점 건너,보도,미견인
2022-10-05 20:08:00,32000,중곡동,647-24,보도,미견인
2022-10-05 20:49:00,32000,군자동,서울특별시 광진구 광나루로17길 10,보도,미견인
2022-10-05 20:53:00,32000,화양동,94-24,보도,미견인
2022-10-05 20:54:00,32000,화양동,94-24,보도,미견인
2022-10-05 21:06:00,32000,구의동,서울특별시 광진구 아차산로60길 9,횡단보도,미견인
2022-10-05 21:53:00,32000,광장동,486-1,버스정류소,미견인
2022-10-05 21:55:00,32000,광장동,486-1,버스정류소,미견인
2022-10-05 21:57:00,32000,광장동,486-1,교차로,미견인
2022-10-05 22:00:00,40000,광장동,486-1,버스정류소,미견인
2022-10-05 22:44:00,40000,중곡동,169-12,교차로,미견인
2022-10-05 23:26:00,32000,자양동,서울특별시 광진구 뚝섬로58길 81,교차로,미견인
2022-10-05 23:35:00,32000,자양동,서울특별시 광진구 자양로3가길 40,교차로,미견인
2022-10-06 08:04:00,32000,광장동,453-7,횡단보도,미견인
2022-10-06 08:04:00,40000,군자동,두산위브 앞,주차금지(황색점선)구역,미견인
2022-10-06 08:16:00,50000,구의동,강변역 1번 출구,주정차금지(황색실선)구역,미견인
2022-10-06 08:25:00,40000,군자동,세종대정문,주차금지(황색점선)구역,미견인
2022-10-06 08:26:00,40000,군자동,세종대정문,주차금지(황색점선)구역,미견인
2022-10-06 09:02:00,40000,군자동,서울특별시 광진구 천호대로 508,보도,미견인
2022-10-06 09:30:00,32000,자양동,자양동 동제한의원 앞,교통소통장애,미견인
2022-10-06 09:45:00,32000,능동,255-4,보도,미견인
2022-10-06 10:09:00,40000,중곡동,서울특별시 광진구 능동로 345,보도,미견인
2022-10-06 10:58:00,32000,자양동,680-72,보도,미견인
2022-10-06 11:02:00,40000,자양동,성동초등학교 앞,주차금지(황색점선)구역,미견인
2022-10-06 11:10:00,40000,구의동,강변역 1번 출구,주정차금지(황색실선)구역,미견인
2022-10-06 11:10:00,40000,군자동,광진광장,주정차금지(황색실선)구역,미견인
2022-10-06 11:30:00,32000,구의동,국민은행 앞,주차금지(황색점선)구역,미견인
2022-10-06 12:02:00,40000,군자동,두산위브 앞,주차금지(황색점선)구역,미견인
2022-10-06 12:32:00,96000,자양동,663-42,횡단보도,미견인
2022-10-06 12:32:00,32000,구의동,지너스타워 주차장 앞,주정차금지(황색실선)구역,미견인
2022-10-06 12:53:00,32000,중곡동,고신경정신과의원 앞,주차금지(황색점선)구역,미견인
2022-10-06 13:05:00,50000,구의동,강변 스파랜드 앞,주차금지(황색점선)구역,미견인
2022-10-06 13:05:00,40000,광장동,모두투어앞,주차금지(황색점선)구역,미견인
2022-10-06 13:35:00,40000,군자동,군자 메가박스 앞,주차금지(황색점선)구역,미견인
2022-10-06 13:38:00,120000,자양동,성자초등학교 옆,주차금지(황색점선)구역,미견인
2022-10-06 13:54:00,32000,중곡동,우리은행 앞,횡단보도,미견인
2022-10-06 14:04:00,120000,구의동,강변 스파랜드 앞,횡단보도,미견인
2022-10-06 14:23:00,40000,군자동,두산위브 앞,주차금지(황색점선)구역,미견인
2022-10-06 15:04:00,96000,중곡동,신성그랜드타워 앞,보도,미견인
2022-10-06 15:11:00,96000,자양동,성동초등학교 앞,주정차금지(황색실선)구역,미견인
2022-10-06 15:38:00,40000,자양동,김밥타운 앞,주정차금지(황색실선)구역,미견인
2022-10-06 16:11:00,32000,자양동,성동초등학교 앞,주차금지(황색점선)구역,미견인
2022-10-06 16:19:00,96000,자양동,이튼타워리버3차 앞,횡단보도,미견인
2022-10-06 16:23:00,40000,군자동,군자 메가박스 앞,주차금지(황색점선)구역,미견인
2022-10-06 16:41:00,32000,구의동,강변역 1번 출구,주정차금지(황색실선)구역,미견인
2022-10-06 16:46:00,32000,중곡동,태양주유소 앞,주차금지(황색점선)구역,미견인
2022-10-06 17:07:00,40000,중곡동,고신경정신과의원 앞,주차금지(황색점선)구역,미견인
2022-10-06 17:13:00,32000,구의동,강변역 1번 출구,주정차금지(황색실선)구역,미견인
2022-10-06 17:14:00,32000,구의동,강변역 1번 출구,주정차금지(황색실선)구역,미견인
2022-10-06 17:24:00,32000,구의동,지너스타워 주차장 앞,횡단보도,미견인
2022-10-06 17:33:00,40000,중곡동,MB모터스 옆,주차금지(황색점선)구역,미견인
2022-10-06 18:19:00,32000,중곡동,태양주유소 앞,주차금지(황색점선)구역,미견인
2022-10-06 18:28:00,120000,중곡동,중곡지구대 앞,교차로,미견인
2022-10-06 18:34:00,32000,중곡동,169-12,교차로,미견인
2022-10-06 18:44:00,40000,군자동,군자 메가박스 앞,주차금지(황색점선)구역,미견인
2022-10-06 18:50:00,32000,구의동,지너스타워 주차장 앞,횡단보도,미견인
2022-10-06 18:51:00,32000,구의동,지너스타워 주차장 앞,주정차금지(황색실선)구역,미견인
2022-10-06 18:53:00,40000,광장동,모두투어앞,주차금지(황색점선)구역,미견인
2022-10-06 18:57:00,32000,화양동,건대입구 3번 출구 앞,주차금지(황색점선)구역,미견인
2022-10-06 18:58:00,32000,구의동,지너스타워 주차장 앞,주정차금지(황색실선)구역,미견인
2022-10-06 19:14:00,32000,중곡동,공원약국 앞,주정차금지(황색실선)구역,미견인
2022-10-06 19:16:00,32000,자양동,서울특별시 광진구 동일로18길 10,교차로,미견인
2022-10-06 19:32:00,40000,구의동,구의동 금성빌라 앞,횡단보도,미견인
2022-10-06 19:33:00,32000,자양동,성동초등학교 앞,주차금지(황색점선)구역,미견인
2022-10-06 19:36:00,32000,구의동,구의동 웰츠타워 앞,주정차금지(황색실선)구역,미견인
2022-10-06 20:05:00,32000,중곡동,서울특별시 광진구 천호대로 533,보도,미견인
2022-10-06 20:07:00,40000,중곡동,서울특별시 광진구 능동로 362,보도,미견인
2022-10-06 20:10:00,32000,중곡동,우리은행 앞,주차금지(황색점선)구역,미견인
2022-10-06 21:14:00,32000,화양동,건대입구 1번 출구 앞,횡단보도,미견인
2022-10-06 21:16:00,32000,화양동,110-41,교차로,미견인
2022-10-06 21:23:00,32000,중곡동,서울특별시 광진구 용마산로 109,보도,미견인
2022-10-06 21:57:00,40000,광장동,486-1,버스정류소,미견인
2022-10-06 22:02:00,40000,광장동,486-1,버스정류소,미견인
2022-10-06 22:35:00,50000,자양동,서울특별시 광진구 능동로 42,안전지대,미견인
2022-10-06 22:38:00,32000,자양동,서울특별시 광진구 능동로 33-16,안전지대,미견인
2022-10-06 23:10:00,32000,중곡동,서울특별시 광진구 천호대로 597,보도,미견인
2022-10-06 23:14:00,40000,중곡동,647-24,보도,미견인
2022-10-07 00:30:00,32000,자양동,서울특별시 광진구 자양로3가길 40,교차로,미견인
2022-10-07 07:02:00,40000,군자동,세종대정문,주차금지(황색점선)구역,미견인
2022-10-07 07:53:00,40000,구의동,강변 스파랜드 앞,보도,미견인
2022-10-07 08:04:00,40000,군자동,두산위브 앞,주차금지(황색점선)구역,미견인
2022-10-07 08:25:00,40000,군자동,세종대정문,주차금지(황색점선)구역,미견인
2022-10-07 08:50:00,32000,자양동,자양동 동제한의원 앞,주차금지(황색점선)구역,미견인
2022-10-07 09:15:00,40000,구의동,강변역 1번 출구,주정차금지(황색실선)구역,미견인
2022-10-07 10:36:00,40000,자양동,자양동 동제한의원 앞,주차금지(황색점선)구역,미견인
2022-10-07 10:48:00,40000,구의동,현대2단지아파트 앞,주정차금지(황색실선)구역,미견인
2022-10-07 11:11:00,32000,자양동,자양동 동제한의원 앞,주차금지(황색점선)구역,미견인
2022-10-07 11:14:00,32000,중곡동,우리은행 앞,주차금지(황색점선)구역,미견인
2022-10-07 11:29:00,32000,화양동,건국대병원 맞은편,주정차금지(황색실선)구역,미견인
2022-10-07 11:42:00,40000,중곡동,MB모터스 옆,주차금지(황색점선)구역,미견인
2022-10-07 12:11:00,40000,광장동,서울특별시 광진구 광장동 370-3,안전지대,미견인
2022-10-07 12:44:00,40000,광장동,모두투어앞,주차금지(황색점선)구역,미견인
2022-10-07 13:02:00,8000,자양동,자양동 동제한의원 앞,주차금지(황색점선)구역,미견인
2022-10-07 13:11:00,32000,구의동,강변역 1번 출구,주정차금지(황색실선)구역,미견인
2022-10-07 13:11:00,32000,자양동,성동초등학교 앞,주차금지(황색점선)구역,미견인
2022-10-07 13:27:00,32000,구의동,지너스타워 주차장 앞,주정차금지(황색실선)구역,미견인
2022-10-07 13:31:00,32000,중곡동,628-9,횡단보도,미견인
2022-10-07 13:34:00,40000,구의동,Aug-80,보도,미견인
2022-10-07 13:51:00,40000,중곡동,MB모터스 옆,주차금지(황색점선)구역,미견인
2022-10-07 14:04:00,32000,중곡동,고신경정신과의원 앞,주차금지(황색점선)구역,미견인
2022-10-07 14:26:00,32000,중곡동,서울특별시 광진구 긴고랑로 78,횡단보도,미견인
2022-10-07 14:43:00,32000,중곡동,18-111,교차로,미견인
2022-10-07 14:50:00,32000,구의동,강변 스파랜드 앞,주차금지(황색점선)구역,미견인
2022-10-07 15:00:00,32000,능동,236-1,횡단보도,미견인
2022-10-07 15:09:00,32000,군자동,두산위브 앞,주차금지(황색점선)구역,미견인
2022-10-07 15:11:00,120000,자양동,이튼타워리버3차 앞,보도,미견인
2022-10-07 15:16:00,32000,구의동,지너스타워 주차장 앞,교통소통장애,미견인
2022-10-07 15:27:00,32000,광장동,모두투어앞,보도,미견인
2022-10-07 16:04:00,40000,구의동,강변역 1번 출구,주정차금지(황색실선)구역,미견인
2022-10-07 16:07:00,96000,중곡동,신성그랜드타워 앞,보도,미견인
2022-10-07 16:09:00,40000,자양동,서울특별시 광진구 아차산로 334,보도,미견인
2022-10-07 16:20:00,32000,구의동,강변역 1번 출구,주정차금지(황색실선)구역,미견인
2022-10-07 16:48:00,32000,구의동,강변 스파랜드 앞,주정차금지(황색실선)구역,미견인
2022-10-07 17:00:00,32000,구의동,지너스타워 주차장 앞,주정차금지(황색실선)구역,미견인
2022-10-07 17:20:00,40000,구의동,지너스타워 주차장 앞,주정차금지(황색실선)구역,미견인
2022-10-07 17:38:00,32000,구의동,강변역 1번 출구,주차금지(황색점선)구역,미견인
2022-10-07 17:46:00,32000,구의동,지너스타워 주차장 앞,주정차금지(황색실선)구역,미견인
2022-10-07 17:46:00,32000,구의동,지너스타워 주차장 앞,주정차금지(황색실선)구역,미견인
2022-10-07 17:48:00,32000,중곡동,MB모터스 옆,주차금지(황색점선)구역,미견인
2022-10-07 18:32:00,40000,중곡동,우리은행 앞,주차금지(황색점선)구역,미견인
2022-10-07 18:39:00,40000,구의동,현대2단지아파트 앞,주정차금지(황색실선)구역,미견인
2022-10-07 18:40:00,32000,군자동,세종대정문,주차금지(황색점선)구역,미견인
2022-10-07 19:07:00,32000,구의동,지너스타워 주차장 앞,주정차금지(황색실선)구역,미견인
2022-10-07 19:11:00,40000,구의동,국민은행 앞,주차금지(황색점선)구역,미견인
2022-10-07 19:15:00,32000,구의동,지너스타워 주차장 앞,주정차금지(황색실선)구역,미견인
2022-10-07 19:19:00,40000,구의동,강변역 1번 출구,주정차금지(황색실선)구역,미견인
2022-10-07 19:33:00,40000,화양동,건국대병원 맞은편,주정차금지(황색실선)구역,미견인
2022-10-07 19:36:00,32000,중곡동,MB모터스 옆,주차금지(황색점선)구역,미견인
2022-10-07 19:47:00,32000,구의동,강변역 1번 출구,주정차금지(황색실선)구역,미견인
2022-10-07 19:53:00,64000,자양동,79-20,특별구역,미견인
2022-10-07 20:10:00,32000,구의동,지너스타워 주차장 앞,주정차금지(황색실선)구역,미견인
2022-10-07 21:05:00,32000,구의동,지너스타워 주차장 앞,횡단보도,미견인
2022-10-07 21:26:00,40000,구의동,지너스타워 주차장 앞,주정차금지(황색실선)구역,미견인
2022-10-07 22:36:00,32000,광장동,554-11,횡단보도,미견인
2022-10-07 22:41:00,32000,광장동,486-1,버스정류소,미견인
2022-10-07 23:00:00,40000,군자동,서울특별시 광진구 군자로 164-1,보도,미견인
2022-10-07 23:02:00,32000,군자동,서울특별시 광진구 군자로 166,보도,미견인
2022-10-07 23:04:00,32000,군자동,서울특별시 광진구 군자로 166,보도,미견인
2022-10-07 23:06:00,32000,군자동,서울특별시 광진구 군자로 166,보도,미견인
2022-10-08 03:26:00,40000,자양동,610-44,교차로,미견인
2022-10-08 08:13:00,40000,중곡동,서울특별시 광진구 천호대로 537,보도,미견인
2022-10-08 08:46:00,40000,중곡동,132-24,보도,미견인
2022-10-08 08:57:00,40000,구의동,631-1,버스정류소,미견인
2022-10-08 09:22:00,40000,광장동,453-7,버스정류소,미견인
2022-10-08 10:56:00,40000,능동,어린이대공원 정문,주차금지(황색점선)구역,미견인
2022-10-08 11:44:00,40000,자양동,608-21,횡단보도,미견인
2022-10-08 12:12:00,40000,구의동,지너스타워 주차장 앞,주정차금지(황색실선)구역,미견인
2022-10-08 12:59:00,32000,구의동,지너스타워 주차장 앞,주정차금지(황색실선)구역,미견인
2022-10-08 13:11:00,32000,구의동,지너스타워 주차장 앞,주정차금지(황색실선)구역,미견인
2022-10-08 13:43:00,40000,광장동,서울특별시 광진구 광장동 370-3,안전지대,미견인
2022-10-08 14:03:00,40000,능동,서울시민안전체험관 앞,주차금지(황색점선)구역,미견인
2022-10-08 14:17:00,32000,광장동,238,보도,미견인
2022-10-08 15:26:00,40000,자양동,553-517,횡단보도,미견인
2022-10-08 15:34:00,32000,자양동,553-501,보도,미견인
2022-10-08 15:47:00,32000,구의동,지너스타워 주차장 앞,교통소통장애,미견인
2022-10-08 17:27:00,32000,능동,282-3,보도,미견인
2022-10-08 18:04:00,32000,구의동,서울특별시 광진구 구의강변로 22,횡단보도,미견인
2022-10-08 18:04:00,32000,광장동,218-1,횡단보도,미견인
2022-10-08 18:08:00,40000,중곡동,서울특별시 광진구 능동로 325-1,보도,미견인
2022-10-08 18:33:00,32000,구의동,30-28,보도,미견인
2022-10-08 18:41:00,32000,중곡동,647-16,보도,미견인
2022-10-08 18:46:00,40000,중곡동,647-16,보도,미견인
2022-10-08 18:48:00,32000,중곡동,647-16,보도,미견인
2022-10-08 19:14:00,32000,중곡동,서울특별시 광진구 긴고랑로 43,버스정류소,미견인
2022-10-08 19:17:00,40000,중곡동,서울특별시 광진구 긴고랑로 43,버스정류소,미견인
2022-10-08 19:19:00,32000,자양동,712,보도,미견인
2022-10-08 20:07:00,40000,구의동,지너스타워 주차장 앞,주정차금지(황색실선)구역,미견인
2022-10-08 20:32:00,32000,중곡동,243-2,횡단보도,미견인
2022-10-08 21:18:00,32000,구의동,지너스타워 주차장 앞,교통소통장애,미견인
2022-10-08 21:30:00,32000,군자동,서울특별시 광진구 군자로 166,보도,미견인
2022-10-08 21:32:00,32000,군자동,서울특별시 광진구 군자로 164-1,보도,미견인
2022-10-08 21:34:00,32000,군자동,서울특별시 광진구 군자로 164-1,보도,미견인
2022-10-08 22:16:00,32000,자양동,600-15,보도,미견인
2022-10-08 22:56:00,32000,광장동,서울특별시 광진구 광장동 370-3,안전지대,미견인
2022-10-08 22:58:00,32000,자양동,서울특별시 광진구 동일로12길 28,교차로,미견인
2022-10-08 23:53:00,32000,자양동,"서울 광진구 뚝섬로56가길 10 (자양동, 자양현대3차아파트)",교차로,미견인
2022-10-09 01:22:00,40000,자양동,서울특별시 광진구 자양로3길 55,교차로,미견인
2022-10-09 01:27:00,32000,자양동,서울 광진구 자양로3가길 31 (자양동),교차로,미견인
2022-10-09 01:30:00,32000,자양동,서울특별시 광진구 뚝섬로56가길 28,보도,미견인
2022-10-09 01:56:00,32000,중곡동,544-9,교차로,미견인
2022-10-09 05:35:00,32000,화양동,23-40,횡단보도,미견인
2022-10-09 05:39:00,40000,군자동,서울특별시 광진구 광나루로 345,보도,미견인
2022-10-09 06:19:00,40000,구의동,서울 광진구 자양로 134 (구의동),보도,미견인
2022-10-09 10:45:00,32000,자양동,637-1,보도,미견인
2022-10-09 11:37:00,32000,화양동,건대입구 3번 출구 앞,주차금지(황색점선)구역,미견인
2022-10-09 11:41:00,32000,구의동,지너스타워 주차장 앞,주차금지(황색점선)구역,미견인
2022-10-09 14:04:00,32000,구의동,지너스타워 주차장 앞,교통소통장애,미견인
2022-10-09 14:07:00,40000,자양동,서울특별시 광진구 자양번영로 65,보도,미견인
2022-10-09 14:09:00,40000,자양동,서울특별시 광진구 자양번영로 64,보도,미견인
2022-10-09 14:16:00,40000,자양동,건대역약국 앞,주차금지(황색점선)구역,미견인
2022-10-09 14:32:00,32000,군자동,세종대정문,주차금지(황색점선)구역,미견인
2022-10-09 14:33:00,32000,군자동,세종대정문,주차금지(황색점선)구역,미견인
2022-10-09 14:52:00,32000,구의동,631-1,버스정류소,미견인
2022-10-09 14:59:00,40000,자양동,494-4,횡단보도,미견인
2022-10-09 15:42:00,32000,구의동,지너스타워 주차장 앞,주정차금지(황색실선)구역,미견인
2022-10-09 16:25:00,40000,광장동,187-13,버스정류소,미견인
2022-10-09 17:22:00,32000,광장동,서울특별시 광진구 아차산로 633,보도,미견인
2022-10-09 17:26:00,32000,자양동,630-18,횡단보도,미견인
2022-10-09 17:28:00,32000,중곡동,서울특별시 광진구 면목로 62,보도,미견인
2022-10-09 18:47:00,32000,구의동,지너스타워 주차장 앞,주차금지(황색점선)구역,미견인
2022-10-09 19:04:00,32000,자양동,서울특별시 광진구 동일로12길 28,교차로,미견인
2022-10-09 19:05:00,32000,광장동,187-13,버스정류소,미견인
2022-10-09 19:07:00,32000,자양동,서울특별시 광진구 동일로18길 10,교차로,미견인
2022-10-09 19:52:00,32000,화양동,건대입구 3번 출구 앞,주차금지(황색점선)구역,미견인
2022-10-09 19:52:00,32000,구의동,지너스타워 주차장 앞,교통소통장애,미견인
2022-10-09 19:59:00,40000,자양동,774-15,보도,미견인
2022-10-09 20:02:00,32000,자양동,223-18,보도,미견인
2022-10-09 21:43:00,40000,구의동,지너스타워 주차장 앞,주정차금지(황색실선)구역,미견인
2022-10-09 22:53:00,32000,구의동,243-6,횡단보도,미견인
2022-10-09 23:12:00,16000,광장동,282-1,버스정류소,미견인
2022-10-10 00:19:00,32000,중곡동,서울특별시 광진구 긴고랑로44길 4,보도,미견인
2022-10-10 02:10:00,32000,구의동,142,보도,미견인
2022-10-10 07:35:00,32000,화양동,건대입구 1번 출구 앞,횡단보도,미견인
2022-10-10 07:55:00,32000,구의동,서울특별시 광진구 자양로 126,보도,미견인
2022-10-10 08:10:00,32000,구의동,69-20,보도,미견인
2022-10-10 08:24:00,40000,구의동,서울특별시 광진구 천호대로 716,보도,미견인
2022-10-10 09:01:00,32000,구의동,595,횡단보도,미견인
2022-10-10 09:09:00,40000,광장동,238,보도,미견인
2022-10-10 09:19:00,40000,구의동,지너스타워 주차장 앞,교통소통장애,미견인
2022-10-10 10:02:00,32000,광장동,320-6,보도,미견인
2022-10-10 10:28:00,32000,화양동,건대입구 1번 출구 앞,안전지대,미견인
2022-10-10 11:33:00,32000,중곡동,서울특별시 광진구 긴고랑로 201-1,보도,미견인
2022-10-10 11:46:00,32000,구의동,리젠트오피스텔건너편,교통소통장애,미견인
2022-10-10 14:05:00,32000,구의동,리젠트오피스텔건너편,교통소통장애,미견인
2022-10-10 14:30:00,32000,구의동,지너스타워 주차장 앞,주정차금지(황색실선)구역,미견인
2022-10-10 15:31:00,40000,화양동,건대분수광장 건너편,횡단보도,미견인
2022-10-10 18:18:00,32000,자양동,01-06,보도,미견인
2022-10-10 18:35:00,32000,능동,어린이대공원 정문,주차금지(황색점선)구역,미견인
2022-10-10 18:48:00,40000,구의동,지너스타워 주차장 앞,주정차금지(황색실선)구역,미견인
2022-10-10 19:49:00,32000,화양동,건대분수광장 건너편,주정차금지(황색실선)구역,미견인
2022-10-10 20:01:00,40000,구의동,지너스타워 주차장 앞,주정차금지(황색실선)구역,미견인
2022-10-10 20:04:00,40000,구의동,222-30,보도,미견인
2022-10-10 21:17:00,40000,자양동,584-12,버스정류소,미견인
2022-10-10 23:46:00,32000,광장동,113,횡단보도,미견인
2022-10-11 02:24:00,40000,자양동,서울특별시 광진구 뚝섬로52길 71,횡단보도,미견인
2022-10-11 07:02:00,40000,구의동,구의동 웰츠타워 앞,교통소통장애,미견인
2022-10-11 07:34:00,50000,중곡동,MB모터스 옆,주차금지(황색점선)구역,미견인
2022-10-11 08:52:00,40000,능동,서울시민안전체험관 앞,교통소통장애,미견인
2022-10-11 09:12:00,32000,광장동,모두투어앞,주차금지(황색점선)구역,미견인
2022-10-11 09:57:00,32000,중곡동,서울특별시 광진구 면목로 146-1,버스정류소,미견인
2022-10-11 10:15:00,32000,자양동,서울 광진구 동일로 28,소화전,미견인
2022-10-11 10:54:00,50000,구의동,강변역 1번 출구,주정차금지(황색실선)구역,미견인
2022-10-11 11:12:00,32000,군자동,두산위브 앞,주차금지(황색점선)구역,미견인
2022-10-11 12:02:00,32000,능동,279-9,보도,미견인
2022-10-11 12:40:00,32000,중곡동,MB모터스 옆,교차로,미견인
2022-10-11 12:48:00,32000,화양동,건대입구 3번 출구 앞,주정차금지(황색실선)구역,미견인
2022-10-11 12:56:00,40000,중곡동,MB모터스 옆,주차금지(황색점선)구역,미견인
2022-10-11 13:22:00,40000,중곡동,MB모터스 옆,주차금지(황색점선)구역,미견인
2022-10-11 14:30:00,130000,구의동,강변 스파랜드 앞,주정차금지(황색실선)구역,미견인
2022-10-11 14:35:00,40000,중곡동,중곡문화체육센터 앞,주차금지(황색점선)구역,미견인
2022-10-11 14:42:00,32000,구의동,현대2단지아파트 앞,주정차금지(황색실선)구역,미견인
2022-10-11 14:51:00,32000,중곡동,서울특별시 광진구 능동로 325-1,보도,미견인
2022-10-11 15:00:00,32000,중곡동,우리은행 앞,횡단보도,미견인
2022-10-11 15:15:00,40000,중곡동,우리은행 앞,주차금지(황색점선)구역,미견인
2022-10-11 15:42:00,32000,중곡동,MB모터스 옆,주차금지(황색점선)구역,미견인
2022-10-11 15:46:00,32000,구의동,지너스타워 주차장 앞,주정차금지(황색실선)구역,미견인
2022-10-11 15:50:00,32000,중곡동,MB모터스 옆,주차금지(황색점선)구역,미견인
2022-10-11 16:06:00,32000,중곡동,서울특별시 광진구 긴고랑로 47,보도,미견인
2022-10-11 16:09:00,32000,중곡동,서울특별시 광진구 긴고랑로 47,보도,미견인
2022-10-11 16:25:00,32000,군자동,광진광장,주정차금지(황색실선)구역,미견인
2022-10-11 17:28:00,16000,군자동,광진광장,횡단보도,미견인
2022-10-11 17:32:00,40000,구의동,구의동 웰츠타워 앞,교통소통장애,미견인
2022-10-11 17:54:00,40000,중곡동,태양주유소 앞,주차금지(황색점선)구역,미견인
2022-10-11 18:02:00,40000,군자동,광진광장,주정차금지(황색실선)구역,미견인
2022-10-11 18:06:00,40000,중곡동,142-36,횡단보도,미견인
2022-10-11 18:06:00,32000,광장동,모두투어앞,교통소통장애,미견인
2022-10-11 18:38:00,96000,중곡동,중곡지구대 앞,횡단보도,미견인
2022-10-11 18:47:00,32000,구의동,강변역 1번 출구,주정차금지(황색실선)구역,미견인
2022-10-11 18:58:00,32000,중곡동,675,보도,미견인
2022-10-11 19:15:00,32000,군자동,광진광장,주정차금지(황색실선)구역,미견인
2022-10-11 19:19:00,32000,중곡동,우리은행 앞,횡단보도,미견인
2022-10-11 19:22:00,32000,광장동,396-4,보도,미견인
2022-10-11 19:34:00,32000,광장동,489-1,횡단보도,미견인
2022-10-11 19:37:00,32000,자양동,663-42,횡단보도,미견인
2022-10-11 20:09:00,32000,중곡동,군자역 1번명품갤러리앞,주정차금지(황색실선)구역,미견인
2022-10-11 20:15:00,32000,군자동,광진광장,주정차금지(황색실선)구역,미견인
2022-10-11 20:26:00,32000,구의동,217-9,보도,미견인
2022-10-11 21:09:00,32000,구의동,지너스타워 주차장 앞,횡단보도,미견인
2022-10-11 21:48:00,32000,구의동,지너스타워 주차장 앞,횡단보도,미견인
2022-10-11 21:53:00,32000,구의동,구의동 웰츠타워 앞,교통소통장애,미견인
2022-10-12 07:03:00,40000,능동,어린이대공원 정문,주차금지(황색점선)구역,미견인
2022-10-12 07:34:00,40000,중곡동,MB모터스 옆,횡단보도,미견인
2022-10-12 07:35:00,32000,중곡동,MB모터스 옆,주차금지(황색점선)구역,미견인
2022-10-12 07:37:00,40000,중곡동,태양주유소 앞,주차금지(황색점선)구역,미견인
2022-10-12 08:56:00,32000,중곡동,서울특별시 광진구 천호대로 603,보도,미견인
2022-10-12 09:14:00,40000,중곡동,132-9,보도,미견인
2022-10-12 09:18:00,50000,자양동,자양동 동제한의원 앞,주차금지(황색점선)구역,미견인
2022-10-12 09:38:00,32000,자양동,성동초등학교 앞,주차금지(황색점선)구역,미견인
2022-10-12 09:47:00,32000,구의동,리젠트오피스텔건너편,교차로,미견인
2022-10-12 09:51:00,32000,구의동,국민은행 앞,주차금지(황색점선)구역,미견인
2022-10-12 09:55:00,40000,광장동,광장 힐스테이 상가 건너편,주차금지(황색점선)구역,미견인
2022-10-12 10:08:00,32000,광장동,서울특별시 광진구 광장로 76,횡단보도,미견인
2022-10-12 10:10:00,32000,광장동,서울특별시 광진구 광장로 79,보도,미견인
2022-10-12 10:25:00,32000,중곡동,672,보도,미견인
2022-10-12 10:59:00,120000,자양동,성동초등학교 앞,주정차금지(황색실선)구역,미견인
2022-10-12 11:37:00,32000,광장동,광현교회 앞,주차금지(황색점선)구역,미견인
2022-10-12 11:46:00,32000,화양동,건대입구 1번 출구 앞,주차금지(황색점선)구역,미견인
2022-10-12 11:55:00,40000,구의동,국민은행 앞,주차금지(황색점선)구역,미견인
2022-10-12 11:57:00,40000,자양동,김밥타운 앞,주차금지(황색점선)구역,미견인
2022-10-12 11:58:00,32000,중곡동,태양주유소 앞,주차금지(황색점선)구역,미견인
2022-10-12 12:13:00,32000,광장동,광장 힐스테이 상가 건너편,주차금지(황색점선)구역,미견인
2022-10-12 12:17:00,40000,화양동,건대분수광장 건너편,횡단보도,미견인
2022-10-12 12:21:00,32000,구의동,구의동 웰츠타워 앞,교통소통장애,미견인
2022-10-12 12:36:00,96000,구의동,강변 스파랜드 앞,주차금지(황색점선)구역,미견인
2022-10-12 12:39:00,96000,화양동,12-64,특별구역,미견인
2022-10-12 13:07:00,32000,광장동,320-79,횡단보도,미견인
2022-10-12 13:12:00,40000,중곡동,28-7,보도,미견인
2022-10-12 14:00:00,96000,군자동,노인종합복지관 앞,주차금지(황색점선)구역,미견인
2022-10-12 14:01:00,32000,구의동,구의동 웰츠타워 앞,횡단보도,미견인
2022-10-12 14:12:00,96000,군자동,노인종합복지관 앞,주차금지(황색점선)구역,미견인
2022-10-12 14:38:00,32000,중곡동,MB모터스 옆,주차금지(황색점선)구역,미견인
2022-10-12 15:05:00,96000,자양동,성동초등학교 앞,주정차금지(황색실선)구역,미견인
2022-10-12 15:14:00,96000,자양동,성동초등학교 앞,주정차금지(황색실선)구역,미견인
2022-10-12 15:41:00,96000,군자동,노인종합복지관 앞,교통소통장애,미견인
2022-10-12 15:51:00,40000,구의동,강변역 1번 출구,주정차금지(황색실선)구역,미견인
2022-10-12 15:55:00,40000,자양동,627-2,보도,미견인
2022-10-12 16:33:00,40000,자양동,자양동 동제한의원 앞,주차금지(황색점선)구역,미견인
2022-10-12 16:34:00,40000,군자동,군자 메가박스 앞,주차금지(황색점선)구역,미견인
2022-10-12 16:36:00,32000,중곡동,MB모터스 옆,주차금지(황색점선)구역,미견인
2022-10-12 16:39:00,32000,자양동,이튼타워리버3차 앞,주차금지(황색점선)구역,미견인
2022-10-12 17:02:00,40000,구의동,강변역 1번 출구,주정차금지(황색실선)구역,미견인
2022-10-12 17:03:00,32000,중곡동,태양주유소 앞,보도,미견인
2022-10-12 17:08:00,32000,구의동,631-1,버스정류소,미견인
2022-10-12 17:15:00,40000,군자동,355-9,보도,미견인
2022-10-12 17:18:00,32000,자양동,이튼타워리버3차 앞,횡단보도,미견인
2022-10-12 17:42:00,32000,중곡동,서울특별시 광진구 천호대로 537,보도,미견인
2022-10-12 17:47:00,32000,중곡동,서울특별시 광진구 면목로 53,보도,미견인
2022-10-12 17:57:00,40000,중곡동,28-7,보도,미견인
2022-10-12 17:57:00,40000,자양동,자양동 동제한의원 앞,주차금지(황색점선)구역,미견인
2022-10-12 18:19:00,40000,구의동,지너스타워 주차장 앞,교통소통장애,미견인
2022-10-12 18:25:00,40000,자양동,CU 자양써밋플레이스점 건너,보도,미견인
2022-10-12 18:29:00,40000,군자동,473-21,보도,미견인
2022-10-12 18:34:00,32000,구의동,251-43,횡단보도,미견인
2022-10-12 18:36:00,32000,화양동,건대입구 3번 출구 앞,주차금지(황색점선)구역,미견인
2022-10-12 19:11:00,40000,자양동,636-10,횡단보도,미견인
2022-10-12 19:20:00,40000,구의동,강변역 1번 출구,주정차금지(황색실선)구역,미견인
2022-10-12 19:30:00,32000,광장동,238,보도,미견인
2022-10-12 20:10:00,50000,자양동,서울특별시 광진구 뚝섬로 520-3,안전지대,미견인
2022-10-12 20:10:00,40000,중곡동,우리은행 앞,주차금지(황색점선)구역,미견인
2022-10-12 20:37:00,32000,구의동,리젠트오피스텔건너편,안전지대,미견인
2022-10-12 22:36:00,32000,광장동,566,버스정류소,미견인
2022-10-13 00:21:00,32000,중곡동,서울특별시 광진구 긴고랑로44길 4,보도,미견인
2022-10-13 09:55:00,40000,자양동,CU 자양써밋플레이스점 건너,보도,미견인
2022-10-13 10:03:00,32000,구의동,구의동 웰츠타워 앞,횡단보도,미견인
2022-10-13 11:06:00,96000,군자동,노인종합복지관 앞,주차금지(황색점선)구역,미견인
2022-10-13 11:16:00,32000,화양동,7-44,안전지대,미견인
2022-10-13 11:18:00,40000,능동,282-3,보도,미견인
2022-10-13 11:35:00,32000,구의동,강변역 1번 출구,주정차금지(황색실선)구역,미견인
2022-10-13 11:57:00,32000,구의동,강변역 1번 출구,주정차금지(황색실선)구역,미견인
2022-10-13 12:01:00,32000,자양동,227-1,보도,미견인
2022-10-13 12:22:00,40000,구의동,강변 스파랜드 앞,교통소통장애,미견인
2022-10-13 12:30:00,40000,중곡동,고신경정신과의원 앞,주차금지(황색점선)구역,미견인
2022-10-13 12:34:00,32000,군자동,광진광장,주차금지(황색점선)구역,미견인
2022-10-13 12:56:00,40000,구의동,지너스타워 주차장 앞,주정차금지(황색실선)구역,미견인
2022-10-13 13:05:00,32000,중곡동,우리은행 앞,주차금지(황색점선)구역,미견인
2022-10-13 13:13:00,32000,구의동,구의동 웰츠타워 앞,교통소통장애,미견인
2022-10-13 13:17:00,96000,군자동,노인종합복지관 앞,주차금지(황색점선)구역,미견인
2022-10-13 14:44:00,120000,자양동,이튼타워리버3차 앞,주정차금지(황색실선)구역,미견인
2022-10-13 14:52:00,32000,구의동,강변역 1번 출구,주정차금지(황색실선)구역,미견인
2022-10-13 14:58:00,32000,구의동,국민은행 앞,주차금지(황색점선)구역,미견인
2022-10-13 15:00:00,32000,중곡동,우리은행 앞,횡단보도,미견인
2022-10-13 15:07:00,40000,중곡동,서울특별시 광진구 천호대로 597,보도,미견인
2022-10-13 15:18:00,40000,중곡동,MB모터스 옆,주차금지(황색점선)구역,미견인
2022-10-13 15:30:00,96000,군자동,노인종합복지관 앞,보도,미견인
2022-10-13 16:01:00,40000,구의동,593-14,보도,미견인
2022-10-13 16:26:00,32000,구의동,지너스타워 주차장 앞,교통소통장애,미견인
2022-10-13 16:45:00,40000,구의동,프라임아파트 정문(213동),주정차금지(황색실선)구역,미견인
2022-10-13 16:53:00,40000,군자동,473-21,보도,미견인
2022-10-13 16:56:00,40000,구의동,"서울 광진구 강변역로4길 34 (구의동, 강변현대하이엘)",횡단보도,미견인
2022-10-13 17:29:00,32000,군자동,355-9,보도,미견인
2022-10-13 17:52:00,40000,중곡동,중곡문화체육센터 앞,주차금지(황색점선)구역,미견인
2022-10-13 17:53:00,40000,중곡동,277-12,보도,미견인
2022-10-13 17:53:00,32000,구의동,강변 스파랜드 앞,교통소통장애,미견인
2022-10-13 17:58:00,32000,중곡동,241-2,보도,미견인
2022-10-13 18:06:00,32000,자양동,600-15,횡단보도,미견인
2022-10-13 18:06:00,32000,구의동,강변역 1번 출구,주정차금지(황색실선)구역,미견인
2022-10-13 18:12:00,32000,구의동,지너스타워 주차장 앞,주정차금지(황색실선)구역,미견인
2022-10-13 18:44:00,40000,군자동,서울특별시 광진구 광나루로17길 10,보도,미견인
2022-10-13 18:44:00,32000,군자동,서울특별시 광진구 광나루로17길 10,보도,미견인
2022-10-13 19:25:00,40000,자양동,627-2,횡단보도,미견인
2022-10-13 19:49:00,40000,군자동,세종대정문,주차금지(황색점선)구역,미견인
2022-10-13 20:11:00,32000,군자동,노인종합복지관 앞,보도,미견인
2022-10-13 20:17:00,32000,자양동,건대역약국 앞,횡단보도,미견인
2022-10-13 20:28:00,32000,중곡동,군자역 1번명품갤러리앞,주정차금지(황색실선)구역,미견인
2022-10-13 20:33:00,32000,자양동,222-7,보도,미견인
2022-10-13 20:38:00,32000,자양동,CU 자양써밋플레이스점 건너,횡단보도,미견인
2022-10-13 20:54:00,32000,구의동,강변역 1번 출구,주정차금지(황색실선)구역,미견인
2022-10-13 21:10:00,40000,구의동,구의동 웰츠타워 앞,주차금지(황색점선)구역,미견인
2022-10-13 21:53:00,32000,자양동,683-9,횡단보도,미견인
2022-10-13 22:56:00,8000,군자동,98-38,보도,미견인
2022-10-13 22:57:00,40000,구의동,630,보도,미견인
2022-10-13 23:11:00,40000,중곡동,47-32,보도,미견인
2022-10-14 07:26:00,40000,능동,서울시민안전체험관 앞,주차금지(황색점선)구역,미견인
2022-10-14 07:39:00,40000,구의동,구의동 웰츠타워 앞,교통소통장애,미견인
2022-10-14 07:48:00,40000,능동,서울시민안전체험관 앞,주차금지(황색점선)구역,미견인
2022-10-14 09:02:00,32000,광장동,모두투어앞,주차금지(황색점선)구역,미견인
2022-10-14 09:02:00,32000,자양동,자양동 동제한의원 앞,주차금지(황색점선)구역,미견인
2022-10-14 09:27:00,40000,군자동,군자 메가박스 앞,주차금지(황색점선)구역,미견인
2022-10-14 10:13:00,32000,자양동,건대역약국 앞,주차금지(황색점선)구역,미견인
2022-10-14 10:23:00,32000,자양동,자양호반써밋플레이스 앞,주차금지(황색점선)구역,미견인
2022-10-14 10:28:00,96000,중곡동,신성그랜드타워 앞,보도,미견인
2022-10-14 11:09:00,40000,구의동,강변역 1번 출구,주정차금지(황색실선)구역,미견인
2022-10-14 11:49:00,40000,구의동,구의동 웰츠타워 앞,교통소통장애,미견인
2022-10-14 11:49:00,40000,중곡동,고신경정신과의원 앞,주차금지(황색점선)구역,미견인
2022-10-14 12:42:00,32000,구의동,강변역 1번 출구,주정차금지(황색실선)구역,미견인
2022-10-14 12:52:00,32000,군자동,광진광장,안전지대,미견인
2022-10-14 13:08:00,40000,중곡동,고신경정신과의원 앞,주차금지(황색점선)구역,미견인
2022-10-14 13:22:00,32000,중곡동,676,보도,미견인
2022-10-14 13:24:00,32000,중곡동,고신경정신과의원 앞,주차금지(황색점선)구역,미견인
2022-10-14 14:03:00,32000,중곡동,서울특별시 광진구 천호대로 573,보도,미견인
2022-10-14 14:33:00,32000,중곡동,태양주유소 앞,주차금지(황색점선)구역,미견인
2022-10-14 14:59:00,32000,중곡동,142-36,보도,미견인
2022-10-14 15:35:00,32000,중곡동,192-40,교차로,미견인
2022-10-14 15:37:00,32000,광장동,모두투어앞,주차금지(황색점선)구역,미견인
2022-10-14 15:47:00,40000,중곡동,중곡문화체육센터 앞,주차금지(황색점선)구역,미견인
2022-10-14 15:49:00,40000,구의동,강변역 1번 출구,주정차금지(황색실선)구역,미견인
2022-10-14 16:18:00,32000,구의동,지너스타워 주차장 앞,주정차금지(황색실선)구역,미견인
2022-10-14 16:21:00,40000,중곡동,고신경정신과의원 앞,주차금지(황색점선)구역,미견인
2022-10-14 16:50:00,40000,자양동,김밥타운 앞,주차금지(황색점선)구역,미견인
2022-10-14 16:55:00,40000,자양동,669,교차로,미견인
2022-10-14 17:13:00,40000,중곡동,244-45,보도,미견인
2022-10-14 18:04:00,40000,중곡동,MB모터스 옆,주차금지(황색점선)구역,미견인
2022-10-14 18:10:00,120000,군자동,노인종합복지관 앞,횡단보도,미견인
2022-10-14 18:14:00,40000,중곡동,서울특별시 광진구 긴고랑로 43,버스정류소,미견인
2022-10-14 18:15:00,32000,구의동,지너스타워 주차장 앞,횡단보도,미견인
2022-10-14 18:17:00,32000,중곡동,서울특별시 광진구 긴고랑로 35,보도,미견인
2022-10-14 18:26:00,40000,중곡동,서울특별시 광진구 면목로 112,보도,미견인
2022-10-14 18:27:00,40000,중곡동,MB모터스 옆,주차금지(황색점선)구역,미견인
2022-10-14 18:31:00,40000,구의동,구의동 웰츠타워 앞,교통소통장애,미견인
2022-10-14 18:44:00,40000,중곡동,우리은행 앞,주차금지(황색점선)구역,미견인
2022-10-14 18:45:00,40000,자양동,김밥타운 앞,주차금지(황색점선)구역,미견인
2022-10-14 18:48:00,32000,구의동,구의동 금성빌라 앞,주차금지(황색점선)구역,미견인
2022-10-14 18:53:00,32000,중곡동,MB모터스 옆,주차금지(황색점선)구역,미견인
2022-10-14 19:13:00,32000,중곡동,고신경정신과의원 앞,주차금지(황색점선)구역,미견인
2022-10-14 19:15:00,120000,자양동,성자초등학교 옆,주차금지(황색점선)구역,미견인
2022-10-14 19:22:00,40000,군자동,473-21,보도,미견인
2022-10-14 19:59:00,32000,구의동,지너스타워 주차장 앞,주정차금지(황색실선)구역,미견인
2022-10-14 20:09:00,32000,구의동,강변역 1번 출구,주정차금지(황색실선)구역,미견인
2022-10-14 20:16:00,32000,자양동,건대역약국 앞,주차금지(황색점선)구역,미견인
2022-10-14 20:18:00,32000,구의동,강변역 1번 출구,주정차금지(황색실선)구역,미견인
2022-10-14 20:35:00,40000,중곡동,군자역 1번명품갤러리앞,주정차금지(황색실선)구역,미견인
2022-10-14 20:39:00,32000,광장동,486-1,버스정류소,미견인
2022-10-14 21:19:00,32000,구의동,구의동 웰츠타워 앞,교통소통장애,미견인
2022-10-14 21:39:00,32000,광장동,서울특별시 광진구 아차산로 627,보도,미견인
2022-10-14 21:52:00,32000,구의동,구의동 웰츠타워 앞,교통소통장애,미견인
2022-10-14 21:54:00,40000,중곡동,서울특별시 광진구 동일로72길 23-1,보도,미견인
2022-10-14 22:08:00,32000,광장동,566,버스정류소,미견인
2022-10-14 22:09:00,32000,군자동,98-38,보도,미견인
2022-10-14 23:07:00,32000,중곡동,647-22,보도,미견인
2022-10-14 23:26:00,32000,군자동,98-38,보도,미견인
2022-10-15 01:20:00,32000,중곡동,서울특별시 광진구 긴고랑로44길 4,보도,미견인
2022-10-15 02:32:00,32000,군자동,서울특별시 광진구 군자로 164-1,보도,미견인
2022-10-15 06:42:00,40000,자양동,712,소화전,미견인
2022-10-15 07:53:00,32000,중곡동,서울특별시 광진구 천호대로 533,보도,미견인
2022-10-15 08:52:00,32000,중곡동,서울특별시 광진구 천호대로 595,보도,미견인
2022-10-15 09:31:00,32000,중곡동,서울특별시 광진구 긴고랑로 43,버스정류소,미견인
2022-10-15 09:45:00,32000,중곡동,47-33,보도,미견인
2022-10-15 10:03:00,32000,중곡동,18-112,교차로,미견인
2022-10-15 10:19:00,32000,군자동,세종대정문,주차금지(황색점선)구역,미견인
2022-10-15 11:12:00,32000,구의동,지너스타워 주차장 앞,주정차금지(황색실선)구역,미견인
2022-10-15 11:14:00,32000,군자동,355-11,보도,미견인
2022-10-15 11:36:00,32000,중곡동,28-7,보도,미견인
2022-10-15 12:03:00,50000,자양동,서울특별시 광진구 능동로 42,안전지대,미견인
2022-10-15 12:24:00,32000,중곡동,서울특별시 광진구 용마산로 46,버스정류소,미견인
2022-10-15 12:30:00,8000,중곡동,서울특별시 광진구 천호대로 533,보도,미견인
2022-10-15 12:51:00,40000,중곡동,서울특별시 광진구 긴고랑로 43,버스정류소,미견인
2022-10-15 12:54:00,32000,중곡동,서울특별시 광진구 긴고랑로 43,버스정류소,미견인
2022-10-15 12:55:00,40000,중곡동,서울특별시 광진구 면목로 95,보도,미견인
2022-10-15 12:59:00,40000,중곡동,서울특별시 광진구 긴고랑로 43,버스정류소,미견인
2022-10-15 13:07:00,32000,능동,서울특별시 광진구 능동로 294,보도,미견인
2022-10-15 13:12:00,40000,중곡동,서울특별시 광진구 능동로 323,보도,미견인
2022-10-15 13:17:00,40000,중곡동,서울특별시 광진구 능동로 323,보도,미견인
2022-10-15 13:38:00,40000,광장동,서울특별시 광진구 아차산로 506,보도,미견인
2022-10-15 13:53:00,40000,중곡동,서울특별시 광진구 긴고랑로 43,버스정류소,미견인
2022-10-15 14:01:00,32000,구의동,246-1,횡단보도,미견인
2022-10-15 14:06:00,32000,군자동,473-1,보도,미견인
2022-10-15 14:17:00,40000,구의동,지너스타워 주차장 앞,주정차금지(황색실선)구역,미견인
2022-10-15 14:32:00,8000,중곡동,서울특별시 광진구 면목로 151,보도,미견인
2022-10-15 14:34:00,32000,구의동,626-1,횡단보도,미견인
2022-10-15 14:40:00,40000,군자동,세종대정문,주차금지(황색점선)구역,미견인
2022-10-15 14:40:00,32000,자양동,건대역약국 앞,주차금지(황색점선)구역,미견인
2022-10-15 15:07:00,40000,군자동,세종대정문,주차금지(황색점선)구역,미견인
2022-10-15 15:44:00,40000,구의동,지너스타워 주차장 앞,주정차금지(황색실선)구역,미견인
2022-10-15 17:04:00,32000,군자동,서울 광진구 군자동 47-2,보도,미견인
2022-10-15 17:42:00,40000,자양동,서울 광진구 자양동 731,보도,미견인
2022-10-15 17:42:00,8000,능동,서울특별시 광진구 능동로 294,보도,미견인
2022-10-15 17:46:00,40000,중곡동,서울 광진구 중곡동 676,보도,미견인
2022-10-15 17:58:00,40000,구의동,지너스타워 주차장 앞,주정차금지(황색실선)구역,미견인
2022-10-15 19:58:00,32000,구의동,서울 광진구 구의동 218-25,보도,미견인
2022-10-15 21:21:00,32000,화양동,건국대병원 맞은편,주정차금지(황색실선)구역,미견인
2022-10-16 08:03:00,40000,광장동,486-1,버스정류소,미견인
2022-10-16 12:29:00,32000,구의동,631-1,버스정류소,미견인
2022-10-16 13:22:00,32000,화양동,건대입구 1번 출구 앞,교통소통장애,미견인
2022-10-16 13:33:00,32000,중곡동,서울특별시 광진구 긴고랑로 48,버스정류소,미견인
2022-10-16 13:36:00,32000,중곡동,서울특별시 광진구 긴고랑로 43,버스정류소,미견인
2022-10-16 13:40:00,40000,중곡동,서울특별시 광진구 긴고랑로 43,버스정류소,미견인
2022-10-16 14:26:00,32000,구의동,서울특별시 광진구 뚝섬로 742,횡단보도,미견인
2022-10-16 14:28:00,50000,군자동,세종대정문,주차금지(황색점선)구역,미견인
2022-10-16 14:47:00,32000,중곡동,서울특별시 광진구 영화사로 28-1,보도,미견인
2022-10-16 15:09:00,32000,중곡동,서울특별시 광진구 긴고랑로 48,버스정류소,미견인
2022-10-16 15:38:00,32000,구의동,서울특별시 광진구 구의강변로 22,횡단보도,미견인
2022-10-16 16:18:00,40000,화양동,건대입구 3번 출구 앞,주차금지(황색점선)구역,미견인
2022-10-16 16:38:00,32000,구의동,지너스타워 주차장 앞,교통소통장애,미견인
2022-10-16 17:18:00,32000,광장동,서울특별시 광진구 광장동 370-3,안전지대,미견인
2022-10-16 17:21:00,32000,광장동,서울특별시 광진구 영화사로 139 아차산 숲속도서관,안전지대,미견인
2022-10-16 17:50:00,32000,광장동,서울특별시 광진구 광장로 73,보도,미견인
2022-10-16 18:32:00,32000,구의동,서울특별시 광진구 광나루로 532,보도,미견인
2022-10-16 18:48:00,80000,구의동,서울특별시 광진구 아차산로51길 58,소화전,미견인
2022-10-16 19:22:00,32000,광장동,서울특별시 광진구 아차산로 627,보도,미견인
2022-10-16 20:36:00,40000,구의동,지너스타워 주차장 앞,교통소통장애,미견인
2022-10-16 20:48:00,32000,광장동,서울특별시 광진구 광장동 370-3,안전지대,미견인
2022-10-16 21:40:00,32000,구의동,동서울터미널 주차장 앞,주차금지(황색점선)구역,미견인
2022-10-16 22:08:00,40000,중곡동,서울특별시 광진구 면목로 147,보도,미견인
2022-10-16 22:15:00,32000,중곡동,서울특별시 광진구 동일로72길 23-1,보도,미견인
2022-10-16 22:19:00,40000,구의동,251-43,횡단보도,미견인
2022-10-17 00:26:00,40000,자양동,서울특별시 광진구 자양번영로 12,횡단보도,미견인
2022-10-17 00:32:00,32000,중곡동,서울특별시 광진구 긴고랑로44길 4,보도,미견인
2022-10-17 00:32:00,32000,자양동,서울특별시 광진구 뚝섬로52길 59,교차로,미견인
2022-10-17 00:41:00,40000,자양동,서울 광진구 뚝섬로58길 81 (자양동),교차로,미견인
2022-10-17 07:34:00,40000,중곡동,MB모터스 옆,교차로,미견인
2022-10-17 07:57:00,32000,구의동,서울특별시 광진구 아차산로 405,보도,미견인
2022-10-17 07:57:00,40000,자양동,853-3,교차로,미견인
2022-10-17 08:55:00,40000,중곡동,서울특별시 광진구 천호대로 595,보도,미견인
2022-10-17 10:11:00,40000,자양동,자양호반써밋플레이스 앞,주차금지(황색점선)구역,미견인
2022-10-17 11:07:00,32000,중곡동,MB모터스 옆,주차금지(황색점선)구역,미견인
2022-10-17 11:13:00,32000,광장동,광현교회 앞,주차금지(황색점선)구역,미견인
2022-10-17 11:26:00,40000,광장동,모두투어앞,주차금지(황색점선)구역,미견인
2022-10-17 11:56:00,40000,구의동,구의동 웰츠타워 앞,교통소통장애,미견인
2022-10-17 12:08:00,40000,구의동,구의동 웰츠타워 앞,교통소통장애,미견인
2022-10-17 12:11:00,32000,중곡동,서울특별시 광진구 면목로 149,보도,미견인
2022-10-17 12:16:00,40000,구의동,프라임아파트 정문(213동),교통소통장애,미견인
2022-10-17 12:51:00,80000,군자동,광진광장,소화전,미견인
2022-10-17 13:32:00,40000,광장동,광장 힐스테이 상가 건너편,주차금지(황색점선)구역,미견인
2022-10-17 14:01:00,96000,자양동,성동초등학교 앞,주정차금지(황색실선)구역,미견인
2022-10-17 14:12:00,32000,구의동,리젠트오피스텔건너편,교통소통장애,미견인
2022-10-17 14:31:00,32000,중곡동,서울특별시 광진구 긴고랑로 43,버스정류소,미견인
2022-10-17 14:32:00,120000,구의동,강변 스파랜드 앞,보도,미견인
2022-10-17 14:39:00,96000,중곡동,신성그랜드타워 앞,보도,미견인
2022-10-17 14:43:00,32000,구의동,리젠트오피스텔건너편,안전지대,미견인
2022-10-17 14:58:00,130000,자양동,성자초등학교 옆,횡단보도,미견인
2022-10-17 15:07:00,32000,자양동,성동초등학교 앞,주차금지(황색점선)구역,미견인
2022-10-17 15:32:00,64000,군자동,광진광장,소화전,미견인
2022-10-17 16:20:00,32000,구의동,강변역 1번 출구,주정차금지(황색실선)구역,미견인
2022-10-17 17:00:00,32000,구의동,현대2단지아파트 앞,주정차금지(황색실선)구역,미견인
2022-10-17 17:15:00,32000,구의동,동서울터미널 주차장 앞,주차금지(황색점선)구역,미견인
2022-10-17 17:33:00,32000,구의동,지너스타워 주차장 앞,횡단보도,미견인
2022-10-17 17:36:00,40000,구의동,구의동 웰츠타워 앞,주차금지(황색점선)구역,미견인
2022-10-17 17:38:00,32000,중곡동,MB모터스 옆,주차금지(황색점선)구역,미견인
2022-10-17 17:55:00,32000,중곡동,MB모터스 옆,주차금지(황색점선)구역,미견인
2022-10-17 19:28:00,32000,자양동,서울 광진구 동일로12길 20 (자양동),교차로,미견인
2022-10-17 19:41:00,32000,중곡동,MB모터스 옆,교차로,미견인
2022-10-17 19:51:00,32000,구의동,구의동 웰츠타워 앞,교통소통장애,미견인
2022-10-17 20:20:00,40000,구의동,구의동 웰츠타워 앞,주정차금지(황색실선)구역,미견인
2022-10-17 20:42:00,32000,중곡동,서울특별시 광진구 천호대로 533,보도,미견인
2022-10-17 20:43:00,40000,중곡동,서울특별시 광진구 천호대로 533,보도,미견인
2022-10-17 21:47:00,40000,구의동,강변역 1번 출구,주정차금지(황색실선)구역,미견인
2022-10-17 22:05:00,50000,자양동,서울특별시 광진구 능동로 42,안전지대,미견인
2022-10-17 22:09:00,32000,자양동,서울특별시 광진구 능동로 42,안전지대,미견인
2022-10-17 22:10:00,32000,자양동,서울특별시 광진구 능동로 42,안전지대,미견인
2022-10-18 00:22:00,32000,중곡동,서울특별시 광진구 긴고랑로44길 4,보도,미견인
2022-10-18 00:28:00,40000,중곡동,서울특별시 광진구 긴고랑로 197,버스정류소,미견인
2022-10-18 04:05:00,32000,화양동,52,교차로,미견인
2022-10-18 07:02:00,50000,중곡동,우리은행 앞,주차금지(황색점선)구역,미견인
2022-10-18 07:04:00,40000,군자동,세종대정문,주차금지(황색점선)구역,미견인
2022-10-18 07:18:00,32000,구의동,지너스타워 주차장 앞,주정차금지(황색실선)구역,미견인
2022-10-18 07:19:00,32000,구의동,지너스타워 주차장 앞,주정차금지(황색실선)구역,미견인
2022-10-18 07:22:00,32000,자양동,한국보건의료인 국가시험원 앞,보도,미견인
2022-10-18 08:49:00,32000,중곡동,132-9,보도,미견인
2022-10-18 09:51:00,40000,군자동,세종대정문,주차금지(황색점선)구역,미견인
2022-10-18 09:53:00,50000,군자동,세종대정문,주차금지(황색점선)구역,미견인
2022-10-18 11:07:00,32000,구의동,현대2단지아파트 앞,주정차금지(황색실선)구역,미견인
2022-10-18 11:20:00,40000,자양동,자양동 동제한의원 앞,주차금지(황색점선)구역,미견인
2022-10-18 11:35:00,40000,구의동,구의동 웰츠타워 앞,주차금지(황색점선)구역,미견인
2022-10-18 12:36:00,32000,구의동,동서울터미널 주차장 앞,주차금지(황색점선)구역,미견인
2022-10-18 13:15:00,96000,자양동,성동초등학교 앞,주정차금지(황색실선)구역,미견인
2022-10-18 13:20:00,32000,중곡동,고신경정신과의원 앞,주차금지(황색점선)구역,미견인
2022-10-18 13:35:00,40000,구의동,구의동 웰츠타워 앞,교통소통장애,미견인
2022-10-18 14:02:00,40000,자양동,김밥타운 앞,주차금지(황색점선)구역,미견인
2022-10-18 14:11:00,32000,광장동,광현교회 앞,주차금지(황색점선)구역,미견인
2022-10-18 14:20:00,32000,중곡동,289-7,보도,미견인
2022-10-18 14:36:00,16000,중곡동,공원약국 앞,주정차금지(황색실선)구역,미견인
2022-10-18 14:51:00,96000,중곡동,신성그랜드타워 앞,보도,미견인
2022-10-18 15:19:00,40000,중곡동,MB모터스 옆,주차금지(황색점선)구역,미견인
2022-10-18 15:19:00,32000,구의동,구의동 웰츠타워 앞,교통소통장애,미견인
2022-10-18 15:20:00,32000,구의동,서울특별시 광진구 강변역로4길 34,횡단보도,미견인
2022-10-18 16:03:00,96000,구의동,강변 스파랜드 앞,주차금지(황색점선)구역,미견인
2022-10-18 16:06:00,120000,자양동,성동초등학교 앞,주정차금지(황색실선)구역,미견인
2022-10-18 16:07:00,32000,군자동,495,보도,미견인
2022-10-18 16:07:00,32000,중곡동,MB모터스 옆,주차금지(황색점선)구역,미견인
2022-10-18 16:40:00,32000,중곡동,298-1,보도,미견인
2022-10-18 16:43:00,40000,중곡동,서울특별시 광진구 긴고랑로 43,버스정류소,미견인
2022-10-18 16:53:00,40000,능동,아씨방 앞,교통소통장애,미견인
2022-10-18 17:01:00,40000,광장동,344,보도,미견인
2022-10-18 17:01:00,32000,구의동,강변역 1번 출구,주정차금지(황색실선)구역,미견인
2022-10-18 17:04:00,40000,구의동,서울특별시 광진구 광나루로 620,보도,미견인
2022-10-18 17:07:00,40000,구의동,강변역 1번 출구,주정차금지(황색실선)구역,미견인
2022-10-18 17:31:00,32000,구의동,국민은행 앞,주차금지(황색점선)구역,미견인
2022-10-18 17:32:00,32000,중곡동,우리은행 앞,주차금지(황색점선)구역,미견인
2022-10-18 17:38:00,40000,광장동,서울특별시 광진구 광장동 370-3,안전지대,미견인
2022-10-18 17:40:00,32000,자양동,파리바게트 앞,보도,미견인
2022-10-18 17:57:00,40000,화양동,건대입구 1번 출구 앞,주차금지(황색점선)구역,미견인
2022-10-18 18:00:00,40000,군자동,499,보도,미견인
2022-10-18 18:03:00,32000,중곡동,우리은행 앞,횡단보도,미견인
2022-10-18 18:23:00,32000,구의동,구의동 웰츠타워 앞,주정차금지(황색실선)구역,미견인
2022-10-18 18:35:00,32000,중곡동,우리은행 앞,도로 모퉁이,미견인
2022-10-18 18:47:00,32000,중곡동,MB모터스 옆,횡단보도,미견인
2022-10-18 18:48:00,32000,구의동,지너스타워 주차장 앞,교통소통장애,미견인
2022-10-18 18:48:00,32000,중곡동,중곡문화체육센터 앞,주차금지(황색점선)구역,미견인
2022-10-18 18:59:00,32000,군자동,476-2,보도,미견인
2022-10-18 19:02:00,32000,구의동,구의동 웰츠타워 앞,주차금지(황색점선)구역,미견인
2022-10-18 19:19:00,40000,구의동,지너스타워 주차장 앞,횡단보도,미견인
2022-10-18 19:23:00,32000,중곡동,서울특별시 광진구 면목로 55,보도,미견인
2022-10-18 19:40:00,32000,중곡동,MB모터스 옆,횡단보도,미견인
2022-10-18 19:52:00,96000,구의동,강변 스파랜드 앞,보도,미견인
2022-10-18 19:54:00,32000,광장동,광장 힐스테이 상가 건너편,주차금지(황색점선)구역,미견인
2022-10-18 20:03:00,32000,중곡동,고신경정신과의원 앞,주차금지(황색점선)구역,미견인
2022-10-18 20:17:00,32000,구의동,강변역 1번 출구,주정차금지(황색실선)구역,미견인
2022-10-18 20:17:00,40000,군자동,세종대정문,주차금지(황색점선)구역,미견인
2022-10-18 20:21:00,32000,중곡동,중곡지구대 앞,주차금지(황색점선)구역,미견인
2022-10-18 20:43:00,32000,군자동,광진광장,주정차금지(황색실선)구역,미견인
2022-10-18 20:47:00,32000,구의동,강변 스파랜드 앞,주차금지(황색점선)구역,미견인
2022-10-18 20:53:00,40000,구의동,57-122,횡단보도,미견인
2022-10-18 20:59:00,40000,구의동,143-2,보도,미견인
2022-10-18 21:34:00,40000,자양동,서울특별시 광진구 아차산로 335,보도,미견인
2022-10-18 21:43:00,32000,자양동,853-3,교차로,미견인
2022-10-18 22:22:00,40000,중곡동,서울특별시 광진구 면목로 103,보도,미견인
2022-10-18 22:22:00,32000,중곡동,서울특별시 광진구 긴고랑로 43,버스정류소,미견인
2022-10-18 22:26:00,32000,중곡동,서울특별시 광진구 긴고랑로 43,버스정류소,미견인
2022-10-18 22:59:00,32000,구의동,서울특별시 광진구 자양로22길 18,교차로,미견인
2022-10-19 05:29:00,32000,중곡동,서울특별시 광진구 천호대로 533,보도,미견인
2022-10-19 07:23:00,50000,화양동,건대입구 3번 출구 앞,주차금지(황색점선)구역,미견인
2022-10-19 07:34:00,32000,중곡동,MB모터스 옆,주차금지(황색점선)구역,미견인
2022-10-19 08:04:00,32000,구의동,구의동 웰츠타워 앞,교통소통장애,미견인
2022-10-19 08:14:00,32000,광장동,"서울 광진구 광장로1다길 52 (광장동, 워커힐파크빌)",교차로,미견인
2022-10-19 08:57:00,32000,중곡동,서울특별시 광진구 천호대로 595,보도,미견인
2022-10-19 09:00:00,32000,능동,서울특별시 광진구 천호대로 580,보도,미견인
2022-10-19 09:00:00,40000,구의동,현대2단지아파트 앞,주정차금지(황색실선)구역,미견인
2022-10-19 09:32:00,32000,중곡동,태양주유소 앞,주차금지(황색점선)구역,미견인
2022-10-19 10:12:00,32000,중곡동,중곡문화체육센터 앞,주차금지(황색점선)구역,미견인
2022-10-19 10:25:00,32000,구의동,강변역 1번 출구,주정차금지(황색실선)구역,미견인
2022-10-19 10:30:00,120000,중곡동,신성그랜드타워 앞,보도,미견인
2022-10-19 11:10:00,32000,자양동,자양동 동제한의원 앞,주차금지(황색점선)구역,미견인
2022-10-19 11:29:00,32000,중곡동,648-15,보도,미견인
2022-10-19 11:42:00,130000,중곡동,중곡지구대 앞,주차금지(황색점선)구역,미견인
2022-10-19 12:05:00,32000,구의동,구의동 웰츠타워 앞,주차금지(황색점선)구역,미견인
2022-10-19 12:10:00,40000,구의동,강변역 1번 출구,주정차금지(황색실선)구역,미견인
2022-10-19 12:11:00,32000,중곡동,161-28,보도,미견인
2022-10-19 12:21:00,40000,중곡동,태양주유소 앞,주차금지(황색점선)구역,미견인
2022-10-19 12:45:00,40000,중곡동,우리은행 앞,주차금지(황색점선)구역,미견인
2022-10-19 13:25:00,32000,중곡동,266-1,보도,미견인
2022-10-19 14:01:00,32000,군자동,군자 메가박스 앞,주차금지(황색점선)구역,미견인
2022-10-19 14:14:00,40000,구의동,강변역 1번 출구,주정차금지(황색실선)구역,미견인
2022-10-19 14:15:00,32000,중곡동,우리은행 앞,주차금지(황색점선)구역,미견인
2022-10-19 14:17:00,32000,자양동,서울특별시 광진구 자양로2길 5,보도,미견인
2022-10-19 14:17:00,32000,자양동,서울특별시 광진구 자양로2길 5,보도,미견인
2022-10-19 14:24:00,32000,화양동,건대입구 1번 출구 앞,교통소통장애,미견인
2022-10-19 15:09:00,96000,군자동,노인종합복지관 앞,보도,미견인
2022-10-19 15:22:00,32000,자양동,서울특별시 광진구 아차산로 338,보도,미견인
2022-10-19 15:25:00,96000,군자동,노인종합복지관 앞,주차금지(황색점선)구역,미견인
2022-10-19 15:26:00,40000,중곡동,태양주유소 앞,주차금지(황색점선)구역,미견인
2022-10-19 15:30:00,32000,중곡동,MB모터스 옆,주차금지(황색점선)구역,미견인
2022-10-19 15:32:00,120000,중곡동,신성그랜드타워 앞,주정차금지(황색실선)구역,미견인
2022-10-19 15:39:00,32000,중곡동,고신경정신과의원 앞,주차금지(황색점선)구역,미견인
2022-10-19 15:48:00,32000,구의동,구의동 웰츠타워 앞,교통소통장애,미견인
2022-10-19 15:58:00,40000,광장동,광장 힐스테이 상가 건너편,주차금지(황색점선)구역,미견인
2022-10-19 16:28:00,40000,중곡동,태양주유소 앞,주차금지(황색점선)구역,미견인
2022-10-19 16:37:00,96000,군자동,노인종합복지관 앞,주차금지(황색점선)구역,미견인
2022-10-19 17:12:00,32000,광장동,서울 광진구 광장동 370-3,안전지대,미견인
2022-10-19 17:15:00,32000,자양동,성동초등학교 앞,주차금지(황색점선)구역,미견인
2022-10-19 17:16:00,40000,구의동,강변역 1번 출구,교통소통장애,미견인
2022-10-19 17:21:00,40000,군자동,서울특별시 광진구 천호대로 536,보도,미견인
2022-10-19 17:59:00,32000,중곡동,서울특별시 광진구 긴고랑로 43,버스정류소,미견인
2022-10-19 18:05:00,96000,구의동,강변 스파랜드 앞,주차금지(황색점선)구역,미견인
2022-10-19 18:10:00,96000,군자동,노인종합복지관 앞,주차금지(황색점선)구역,미견인
2022-10-19 18:35:00,32000,중곡동,MB모터스 옆,주차금지(황색점선)구역,미견인
2022-10-19 19:04:00,32000,광장동,모두투어앞,주차금지(황색점선)구역,미견인
2022-10-19 19:07:00,40000,중곡동,서울특별시 광진구 면목로 103,보도,미견인
2022-10-19 19:10:00,32000,구의동,구의동 웰츠타워 앞,교통소통장애,미견인
2022-10-19 19:20:00,32000,중곡동,우리은행 앞,주차금지(황색점선)구역,미견인
2022-10-19 19:27:00,40000,중곡동,우리은행 앞,주차금지(황색점선)구역,미견인
2022-10-19 19:30:00,32000,화양동,건대입구 1번 출구 앞,주정차금지(황색실선)구역,미견인
2022-10-19 19:43:00,40000,중곡동,MB모터스 옆,주차금지(황색점선)구역,미견인
2022-10-19 19:57:00,40000,자양동,서울특별시 광진구 자양로 103,안전지대,미견인
2022-10-19 20:02:00,40000,구의동,강변역 1번 출구,주정차금지(황색실선)구역,미견인
2022-10-19 20:06:00,32000,중곡동,우리은행 앞,교통소통장애,미견인
2022-10-19 20:24:00,32000,구의동,지너스타워 주차장 앞,주정차금지(황색실선)구역,미견인
2022-10-19 20:36:00,40000,광장동,모두투어앞,주차금지(황색점선)구역,미견인
2022-10-19 20:36:00,32000,구의동,지너스타워 주차장 앞,교통소통장애,미견인
2022-10-19 21:08:00,32000,구의동,지너스타워 주차장 앞,횡단보도,미견인
2022-10-19 21:22:00,40000,구의동,강변역 1번 출구,주정차금지(황색실선)구역,미견인
2022-10-19 22:08:00,32000,군자동,서울특별시 광진구 능동로 265,보도,미견인
2022-10-19 23:49:00,40000,자양동,서울특별시 광진구 동일로12길 28,교차로,미견인
2022-10-20 02:06:00,32000,자양동,627,횡단보도,미견인
2022-10-20 02:08:00,40000,자양동,630-18,횡단보도,미견인
2022-10-20 06:25:00,32000,광장동,486-1,버스정류소,미견인
2022-10-20 07:28:00,40000,군자동,노인종합복지관 앞,주차금지(황색점선)구역,미견인
2022-10-20 08:41:00,50000,구의동,강변역 1번 출구,주정차금지(황색실선)구역,미견인
2022-10-20 08:42:00,96000,구의동,강변 스파랜드 앞,주정차금지(황색실선)구역,미견인
2022-10-20 08:44:00,32000,자양동,710-1,보도,미견인
2022-10-20 08:55:00,32000,중곡동,우리은행 앞,보도,미견인
2022-10-20 09:00:00,32000,구의동,지너스타워 주차장 앞,주정차금지(황색실선)구역,미견인
2022-10-20 09:16:00,32000,중곡동,MB모터스 옆,주차금지(황색점선)구역,미견인
2022-10-20 10:34:00,40000,광장동,모두투어앞,보도,미견인
2022-10-20 10:56:00,40000,능동,아씨방 앞,주정차금지(황색실선)구역,미견인
2022-10-20 11:11:00,32000,구의동,구의동 웰츠타워 앞,주차금지(황색점선)구역,미견인
2022-10-20 11:11:00,50000,자양동,한국보건의료인 국가시험원 앞,보도,미견인
2022-10-20 11:16:00,32000,광장동,광장 힐스테이 상가 건너편,주차금지(황색점선)구역,미견인
2022-10-20 11:34:00,40000,자양동,722,보도,미견인
2022-10-20 11:46:00,40000,구의동,강변역 1번 출구,주정차금지(황색실선)구역,미견인
2022-10-20 12:22:00,32000,중곡동,중곡문화체육센터 앞,주차금지(황색점선)구역,미견인
2022-10-20 12:26:00,32000,중곡동,태양주유소 앞,주차금지(황색점선)구역,미견인
2022-10-20 12:27:00,40000,광장동,광장 힐스테이 상가 건너편,주차금지(황색점선)구역,미견인
2022-10-20 12:39:00,32000,자양동,611-5,소화전,미견인
2022-10-20 12:42:00,32000,자양동,611-5,보도,미견인
2022-10-20 13:05:00,40000,구의동,강변역 1번 출구,주정차금지(황색실선)구역,미견인
2022-10-20 13:11:00,32000,자양동,627-2,횡단보도,미견인
2022-10-20 13:19:00,120000,자양동,600-29,특별구역,미견인
2022-10-20 13:24:00,40000,광장동,모두투어앞,주차금지(황색점선)구역,미견인
2022-10-20 13:34:00,32000,화양동,건대분수광장 건너편,주정차금지(황색실선)구역,미견인
2022-10-20 13:55:00,96000,자양동,성동초등학교 앞,주정차금지(황색실선)구역,미견인
2022-10-20 13:58:00,32000,광장동,서울특별시 광진구 아차산로78길 63,안전지대,미견인
2022-10-20 14:00:00,32000,광장동,서울특별시 광진구 아차산로78길 63,안전지대,미견인
2022-10-20 14:02:00,40000,광장동,서울특별시 광진구 아차산로78길 63,안전지대,미견인
2022-10-20 14:03:00,32000,광장동,서울특별시 광진구 아차산로78길 63,안전지대,미견인
2022-10-20 14:20:00,32000,자양동,건대역약국 앞,주차금지(황색점선)구역,미견인
2022-10-20 14:39:00,32000,중곡동,서울특별시 광진구 면목로 151,버스정류소,미견인
2022-10-20 14:48:00,32000,중곡동,18-88,교차로,미견인
2022-10-20 14:48:00,32000,구의동,구의동 웰츠타워 앞,교통소통장애,미견인
2022-10-20 15:43:00,32000,자양동,한국보건의료인 국가시험원 앞,주차금지(황색점선)구역,미견인
2022-10-20 15:50:00,32000,구의동,강변 스파랜드 앞,횡단보도,미견인
2022-10-20 16:35:00,40000,구의동,동서울터미널 주차장 앞,주차금지(황색점선)구역,미견인
2022-10-20 16:53:00,32000,중곡동,군자역 1번명품갤러리앞,주정차금지(황색실선)구역,미견인
2022-10-20 17:02:00,40000,화양동,건대입구 1번 출구 앞,안전지대,미견인
2022-10-20 17:03:00,32000,중곡동,MB모터스 옆,주차금지(황색점선)구역,미견인
2022-10-20 17:05:00,40000,중곡동,서울특별시 광진구 영화사로 17,버스정류소,미견인
2022-10-20 17:13:00,40000,중곡동,서울특별시 광진구 용마산로 67,보도,미견인
2022-10-20 17:19:00,32000,화양동,건대입구 3번 출구 앞,주정차금지(황색실선)구역,미견인
2022-10-20 17:26:00,32000,군자동,세종대정문,주차금지(황색점선)구역,미견인
2022-10-20 17:30:00,32000,중곡동,서울특별시 광진구 긴고랑로 43,버스정류소,미견인
2022-10-20 17:33:00,32000,구의동,구의동 웰츠타워 앞,주정차금지(황색실선)구역,미견인
2022-10-20 17:41:00,32000,자양동,자양동 동제한의원 앞,주차금지(황색점선)구역,미견인
2022-10-20 17:50:00,32000,중곡동,서울특별시 광진구 긴고랑로 43,버스정류소,미견인
2022-10-20 17:54:00,32000,중곡동,고신경정신과의원 앞,주차금지(황색점선)구역,미견인
2022-10-20 17:59:00,32000,구의동,지너스타워 주차장 앞,주정차금지(황색실선)구역,미견인
2022-10-20 18:04:00,32000,자양동,자양동 동제한의원 앞,주차금지(황색점선)구역,미견인
2022-10-20 18:15:00,32000,군자동,광진광장,안전지대,미견인
2022-10-20 18:17:00,32000,구의동,동서울터미널 주차장 앞,주차금지(황색점선)구역,미견인
2022-10-20 18:21:00,40000,중곡동,우리은행 앞,주차금지(황색점선)구역,미견인
2022-10-20 18:29:00,96000,구의동,강변 스파랜드 앞,주차금지(황색점선)구역,미견인
2022-10-20 18:31:00,40000,중곡동,서울특별시 광진구 긴고랑로 43,버스정류소,미견인
2022-10-20 19:02:00,96000,중곡동,중곡지구대 앞,주차금지(황색점선)구역,미견인
2022-10-20 19:06:00,40000,구의동,구의동 웰츠타워 앞,주차금지(황색점선)구역,미견인
2022-10-20 19:10:00,32000,군자동,서울특별시 광진구 군자로 164-1,보도,미견인
2022-10-20 19:16:00,32000,구의동,지너스타워 주차장 앞,주정차금지(황색실선)구역,미견인
2022-10-20 19:17:00,40000,구의동,구의동 웰츠타워 앞,교통소통장애,미견인
2022-10-20 19:35:00,40000,구의동,지너스타워 주차장 앞,주정차금지(황색실선)구역,미견인
2022-10-20 20:00:00,32000,자양동,자양동 동제한의원 앞,주차금지(황색점선)구역,미견인
2022-10-20 20:07:00,40000,구의동,지너스타워 주차장 앞,주정차금지(황색실선)구역,미견인
2022-10-20 20:19:00,32000,구의동,현대2단지아파트 앞,주정차금지(황색실선)구역,미견인
2022-10-20 20:33:00,32000,중곡동,서울특별시 광진구 천호대로 537,보도,미견인
2022-10-20 20:35:00,32000,중곡동,서울특별시 광진구 천호대로 537,보도,미견인
2022-10-20 20:39:00,40000,자양동,자양동 동제한의원 앞,주차금지(황색점선)구역,미견인
2022-10-20 20:54:00,40000,군자동,476-7,보도,미견인
2022-10-20 21:03:00,40000,군자동,Jan-47,보도,미견인
2022-10-20 21:21:00,32000,광장동,320-15,버스정류소,미견인
2022-10-20 21:23:00,64000,광장동,320-15,특별구역,미견인
2022-10-20 21:38:00,40000,구의동,동서울터미널 주차장 앞,주정차금지(황색실선)구역,미견인
2022-10-20 22:13:00,32000,능동,280-1,보도,미견인
2022-10-20 22:15:00,40000,능동,280-1,보도,미견인
2022-10-20 23:06:00,40000,중곡동,162-2,버스정류소,미견인
2022-10-20 23:11:00,32000,구의동,251-43,횡단보도,미견인
2022-10-20 23:59:00,40000,중곡동,서울특별시 광진구 동일로72길 51,보도,미견인
2022-10-21 01:35:00,32000,중곡동,서울특별시 광진구 긴고랑로44길 4,보도,미견인
2022-10-21 06:38:00,40000,화양동,서울특별시 광진구 능동로19길 35,교차로,미견인
2022-10-21 07:02:00,40000,구의동,구의동 대림바스플랜 앞,주차금지(황색점선)구역,미견인
2022-10-21 07:37:00,40000,중곡동,MB모터스 옆,주차금지(황색점선)구역,미견인
2022-10-21 08:16:00,32000,자양동,성동초등학교 앞,주차금지(황색점선)구역,미견인
2022-10-21 08:51:00,32000,중곡동,서울특별시 광진구 천호대로 595,보도,미견인
2022-10-21 08:53:00,40000,중곡동,서울특별시 광진구 천호대로 597,보도,미견인
2022-10-21 10:22:00,32000,자양동,김밥타운 앞,주차금지(황색점선)구역,미견인
2022-10-21 10:41:00,40000,구의동,112-2,보도,미견인
2022-10-21 10:50:00,40000,광장동,광장 힐스테이 상가 건너편,주차금지(황색점선)구역,미견인
2022-10-21 10:53:00,40000,구의동,강변 스파랜드 앞,주정차금지(황색실선)구역,미견인
2022-10-21 11:07:00,96000,자양동,성동초등학교 앞,주정차금지(황색실선)구역,미견인
2022-10-21 11:28:00,32000,구의동,국민은행 앞,주차금지(황색점선)구역,미견인
2022-10-21 12:08:00,32000,군자동,광진광장,주차금지(황색점선)구역,미견인
2022-10-21 12:23:00,32000,중곡동,우리은행 앞,도로 모퉁이,미견인
2022-10-21 13:25:00,120000,자양동,성동초등학교 앞,주정차금지(황색실선)구역,미견인
2022-10-21 13:30:00,32000,광장동,모두투어앞,주차금지(황색점선)구역,미견인
2022-10-21 13:37:00,32000,중곡동,우리은행 앞,주차금지(황색점선)구역,미견인
2022-10-21 13:52:00,40000,군자동,광진광장,주정차금지(황색실선)구역,미견인
2022-10-21 14:08:00,32000,구의동,구의동 웰츠타워 앞,교통소통장애,미견인
2022-10-21 14:23:00,40000,구의동,구의동 웰츠타워 앞,주정차금지(황색실선)구역,미견인
2022-10-21 14:26:00,40000,군자동,광진광장,주정차금지(황색실선)구역,미견인
2022-10-21 14:44:00,120000,자양동,성동초등학교 앞,주정차금지(황색실선)구역,미견인
2022-10-21 14:58:00,32000,구의동,지너스타워 주차장 앞,주정차금지(황색실선)구역,미견인
2022-10-21 14:59:00,32000,중곡동,우리은행 앞,주차금지(황색점선)구역,미견인
2022-10-21 15:09:00,120000,광장동,광현교회 앞,주차금지(황색점선)구역,미견인
2022-10-21 15:11:00,120000,자양동,성동초등학교 앞,주정차금지(황색실선)구역,미견인
2022-10-21 15:53:00,32000,중곡동,중곡문화체육센터 앞,주차금지(황색점선)구역,미견인
2022-10-21 16:12:00,32000,중곡동,중곡문화체육센터 앞,주차금지(황색점선)구역,미견인
2022-10-21 16:26:00,32000,광장동,광장 힐스테이 상가 건너편,주차금지(황색점선)구역,미견인
2022-10-21 16:27:00,32000,구의동,지너스타워 주차장 앞,주정차금지(황색실선)구역,미견인
2022-10-21 16:33:00,32000,광장동,광장 힐스테이 상가 건너편,주차금지(황색점선)구역,미견인
2022-10-21 16:33:00,32000,구의동,프라임아파트 정문(213동),주정차금지(황색실선)구역,미견인
2022-10-21 16:50:00,50000,능동,군자역 5번가구할인매장앞,주정차금지(황색실선)구역,미견인
2022-10-21 17:32:00,40000,중곡동,서울특별시 광진구 면목로 113-1,보도,미견인
2022-10-21 17:36:00,120000,자양동,이튼타워리버3차 앞,주차금지(황색점선)구역,미견인
2022-10-21 17:37:00,32000,중곡동,서울특별시 광진구 면목로 182,보도,미견인
2022-10-21 18:05:00,32000,자양동,자양동 동제한의원 앞,도로 모퉁이,미견인
2022-10-21 18:16:00,32000,중곡동,우리은행 앞,주차금지(황색점선)구역,미견인
2022-10-21 18:22:00,40000,구의동,지너스타워 주차장 앞,주정차금지(황색실선)구역,미견인
2022-10-21 18:53:00,32000,구의동,지너스타워 주차장 앞,주정차금지(황색실선)구역,미견인
2022-10-21 19:07:00,32000,광장동,서울특별시 광진구 아차산로 503-23,안전지대,미견인
2022-10-21 19:19:00,40000,구의동,구의동 웰츠타워 앞,교통소통장애,미견인
2022-10-21 19:24:00,32000,구의동,30-28,보도,미견인
2022-10-21 19:35:00,32000,구의동,지너스타워 주차장 앞,주정차금지(황색실선)구역,미견인
2022-10-21 19:36:00,32000,구의동,지너스타워 주차장 앞,주정차금지(황색실선)구역,미견인
2022-10-21 19:41:00,32000,구의동,지너스타워 주차장 앞,횡단보도,미견인
2022-10-21 19:54:00,40000,중곡동,우리은행 앞,주차금지(황색점선)구역,미견인
2022-10-21 20:04:00,32000,군자동,광진광장,주차금지(황색점선)구역,미견인
2022-10-21 20:06:00,32000,구의동,프라임아파트 정문(213동),주정차금지(황색실선)구역,미견인
2022-10-21 20:08:00,40000,구의동,지너스타워 주차장 앞,주정차금지(황색실선)구역,미견인
2022-10-21 20:12:00,40000,화양동,건대입구 1번 출구 앞,안전지대,미견인
2022-10-21 20:15:00,32000,자양동,CU 자양써밋플레이스점 건너,횡단보도,미견인
2022-10-21 20:19:00,40000,중곡동,중곡지구대 앞,주차금지(황색점선)구역,미견인
2022-10-21 20:19:00,32000,자양동,자양동 동제한의원 앞,주차금지(황색점선)구역,미견인
2022-10-21 20:23:00,32000,화양동,건대분수광장 건너편,주정차금지(황색실선)구역,미견인
2022-10-21 20:35:00,40000,군자동,광진광장,횡단보도,미견인
2022-10-21 20:44:00,40000,군자동,광진광장,주정차금지(황색실선)구역,미견인
2022-10-21 20:44:00,32000,광장동,모두투어앞,주차금지(황색점선)구역,미견인
2022-10-21 20:49:00,40000,자양동,서울특별시 광진구 동일로18길 10,교차로,미견인
2022-10-21 20:54:00,32000,구의동,547-6,안전지대,미견인
2022-10-21 21:36:00,32000,구의동,지너스타워 주차장 앞,주정차금지(황색실선)구역,미견인
2022-10-21 21:46:00,32000,구의동,강변역 1번 출구,주정차금지(황색실선)구역,미견인
2022-10-21 22:04:00,40000,중곡동,47-33,보도,미견인
2022-10-21 23:27:00,40000,화양동,서울특별시 광진구 능동로19길 35,교차로,미견인
2022-10-21 23:30:00,40000,화양동,서울특별시 광진구 능동로19길 35,교차로,미견인
2022-10-22 00:35:00,40000,구의동,서울특별시 광진구 강변역로4길 10,안전지대,미견인
2022-10-22 01:34:00,32000,중곡동,서울특별시 광진구 긴고랑로44길 4,보도,미견인
2022-10-22 02:24:00,40000,자양동,서울 광진구 뚝섬로58길 81 (자양동),교차로,미견인
2022-10-22 04:02:00,32000,자양동,553-517,횡단보도,미견인
2022-10-22 04:44:00,32000,자양동,610-44,교차로,미견인
2022-10-22 06:46:00,40000,광장동,566,버스정류소,미견인
2022-10-22 07:07:00,32000,구의동,지너스타워 주차장 앞,교통소통장애,미견인
2022-10-22 07:58:00,40000,화양동,건대입구 3번 출구 앞,횡단보도,미견인
2022-10-22 08:04:00,32000,군자동,세종대정문,주차금지(황색점선)구역,미견인
2022-10-22 08:48:00,32000,자양동,서울특별시 광진구 동일로12길 24,교차로,미견인
2022-10-22 10:56:00,32000,자양동,600-15,횡단보도,미견인
2022-10-22 12:41:00,32000,중곡동,675,보도,미견인
2022-10-22 12:57:00,32000,구의동,지너스타워 주차장 앞,주정차금지(황색실선)구역,미견인
2022-10-22 13:02:00,40000,광장동,서울특별시 광진구 광장동 370-3,안전지대,미견인
2022-10-22 13:04:00,32000,광장동,서울특별시 광진구 광장동 381-50,안전지대,미견인
2022-10-22 13:04:00,32000,군자동,세종대정문,주차금지(황색점선)구역,미견인
2022-10-22 15:42:00,32000,군자동,세종대정문,교통소통장애,미견인
2022-10-22 16:41:00,32000,중곡동,서울특별시 광진구 천호대로 569,보도,미견인
2022-10-22 16:46:00,32000,중곡동,서울특별시 광진구 능동로 415,버스정류소,미견인
2022-10-22 16:53:00,32000,중곡동,서울특별시 광진구 면목로 152,보도,미견인
2022-10-22 16:54:00,40000,중곡동,서울특별시 광진구 면목로 156,보도,미견인
2022-10-22 17:05:00,40000,구의동,지너스타워 주차장 앞,주정차금지(황색실선)구역,미견인
2022-10-22 18:34:00,32000,광장동,334-12,보도,미견인
2022-10-22 18:36:00,40000,중곡동,서울특별시 광진구 긴고랑로 43,버스정류소,미견인
2022-10-22 18:45:00,32000,중곡동,서울특별시 광진구 긴고랑로 47,보도,미견인
2022-10-22 18:48:00,40000,중곡동,서울특별시 광진구 긴고랑로 41,보도,미견인
2022-10-22 18:51:00,40000,중곡동,서울특별시 광진구 긴고랑로 39-2,횡단보도,미견인
2022-10-22 18:54:00,40000,중곡동,161-23,보도,미견인
2022-10-22 18:55:00,32000,중곡동,서울특별시 광진구 면목로 120,보도,미견인
2022-10-22 18:58:00,32000,중곡동,675,보도,미견인
2022-10-22 19:05:00,32000,중곡동,서울특별시 광진구 긴고랑로 30,보도,미견인
2022-10-22 19:16:00,32000,구의동,지너스타워 주차장 앞,주정차금지(황색실선)구역,미견인
2022-10-22 19:26:00,32000,중곡동,서울특별시 광진구 긴고랑로 43,버스정류소,미견인
2022-10-22 19:35:00,32000,광장동,서울특별시 광진구 광장동 370-3,안전지대,미견인
2022-10-22 20:15:00,32000,군자동,서울특별시 광진구 군자로 166,보도,미견인
2022-10-22 20:17:00,32000,군자동,서울특별시 광진구 군자로 166,보도,미견인
2022-10-22 20:30:00,32000,구의동,동서울터미널 주차장 앞,교통소통장애,미견인
2022-10-22 21:12:00,80000,광장동,320-15,소화전,미견인
2022-10-22 21:17:00,32000,구의동,동서울터미널 주차장 앞,주정차금지(황색실선)구역,미견인
2022-10-22 21:28:00,40000,화양동,499-1,횡단보도,미견인
2022-10-22 21:36:00,32000,구의동,지너스타워 주차장 앞,주정차금지(황색실선)구역,미견인
2022-10-23 02:00:00,32000,중곡동,서울특별시 광진구 긴고랑로 172-2,버스정류소,미견인
2022-10-23 02:05:00,32000,중곡동,서울특별시 광진구 긴고랑로44길 4,보도,미견인
2022-10-23 07:25:00,40000,구의동,지너스타워 주차장 앞,주정차금지(황색실선)구역,미견인
2022-10-23 09:47:00,32000,능동,서울시민안전체험관 앞,주차금지(황색점선)구역,미견인
2022-10-23 10:10:00,32000,구의동,서울특별시 광진구 아차산로55길 20,횡단보도,미견인
2022-10-23 10:30:00,50000,능동,256-16,보도,미견인
2022-10-23 10:55:00,40000,구의동,지너스타워 주차장 앞,횡단보도,미견인
2022-10-23 11:56:00,32000,능동,256-16,보도,미견인
2022-10-23 13:49:00,32000,능동,281-5,교차로,미견인
2022-10-23 14:17:00,40000,구의동,서울특별시 광진구 광나루로 520,횡단보도,미견인
2022-10-23 14:42:00,32000,중곡동,187-27,보도,미견인
2022-10-23 15:14:00,32000,구의동,지너스타워 주차장 앞,주정차금지(황색실선)구역,미견인
2022-10-23 15:24:00,40000,중곡동,서울특별시 광진구 능동로 415,버스정류소,미견인
2022-10-23 16:08:00,40000,군자동,48-15,보도,미견인
2022-10-23 16:17:00,32000,구의동,동서울터미널 주차장 앞,주차금지(황색점선)구역,미견인
2022-10-23 16:21:00,80000,중곡동,Apr-37,특별구역,미견인
2022-10-23 16:39:00,40000,구의동,지너스타워 주차장 앞,교통소통장애,미견인
2022-10-23 16:47:00,32000,구의동,지너스타워 주차장 앞,주정차금지(황색실선)구역,미견인
2022-10-23 16:50:00,32000,중곡동,675,횡단보도,미견인
2022-10-23 16:57:00,40000,중곡동,서울특별시 광진구 능동로 325-1,보도,미견인
2022-10-23 17:19:00,40000,광장동,484,버스정류소,미견인
2022-10-23 17:21:00,40000,화양동,서울특별시 광진구 광나루로 460,횡단보도,미견인
2022-10-23 17:25:00,32000,군자동,서울특별시 광진구 군자로 164-1,보도,미견인
2022-10-23 17:25:00,40000,광장동,서울특별시 광진구 광장동 370-3,안전지대,미견인
2022-10-23 17:30:00,32000,중곡동,280-2,보도,미견인
2022-10-23 17:44:00,32000,자양동,서울특별시 광진구 동일로12길 28,교차로,미견인
2022-10-23 18:41:00,32000,구의동,631-1,버스정류소,미견인
2022-10-23 18:44:00,40000,자양동,건대역약국 앞,주차금지(황색점선)구역,미견인
2022-10-23 18:50:00,32000,광장동,서울특별시 광진구 광장동 370-3,안전지대,미견인
2022-10-23 19:18:00,32000,중곡동,서울특별시 광진구 면목로 80,보도,미견인
2022-10-23 19:34:00,32000,구의동,동서울터미널 주차장 앞,교통소통장애,미견인
2022-10-23 19:37:00,32000,자양동,630-18,횡단보도,미견인
2022-10-23 19:43:00,40000,중곡동,서울특별시 광진구 능동로 373,횡단보도,미견인
2022-10-23 19:48:00,32000,구의동,동서울터미널 주차장 앞,교통소통장애,미견인
2022-10-23 19:54:00,40000,능동,어린이대공원 정문,주차금지(황색점선)구역,미견인
2022-10-23 19:59:00,32000,구의동,지너스타워 주차장 앞,주정차금지(황색실선)구역,미견인
2022-10-23 20:09:00,32000,군자동,세종대정문,주차금지(황색점선)구역,미견인
2022-10-23 20:11:00,32000,광장동,486-1,버스정류소,미견인
2022-10-23 20:47:00,32000,군자동,세종대정문,주차금지(황색점선)구역,미견인
2022-10-23 20:54:00,32000,군자동,서울특별시 광진구 군자로 164,보도,미견인
2022-10-23 20:56:00,32000,군자동,서울특별시 광진구 군자로 164-1,보도,미견인
2022-10-23 20:58:00,40000,군자동,서울특별시 광진구 군자로 165-1,보도,미견인
2022-10-23 21:01:00,32000,군자동,서울특별시 광진구 군자로 154-1,보도,미견인
2022-10-23 21:02:00,40000,중곡동,서울특별시 광진구 긴고랑로 35,보도,미견인
2022-10-23 21:12:00,32000,구의동,지너스타워 주차장 앞,주정차금지(황색실선)구역,미견인
2022-10-23 21:13:00,32000,중곡동,서울특별시 광진구 긴고랑로 29,횡단보도,미견인
2022-10-23 21:25:00,32000,중곡동,40-14,횡단보도,미견인
2022-10-23 22:03:00,32000,자양동,서울특별시 광진구 동일로12길 24,교차로,미견인
2022-10-23 22:56:00,32000,광장동,486-1,버스정류소,미견인
2022-10-23 23:13:00,32000,중곡동,40-13,횡단보도,미견인
2022-10-24 00:25:00,40000,자양동,서울 광진구 뚝섬로52길 59 (자양동),교차로,미견인
2022-10-24 01:16:00,32000,자양동,서울특별시 광진구 동일로18길 10,교차로,미견인
2022-10-24 01:37:00,32000,중곡동,서울특별시 광진구 긴고랑로44길 4,보도,미견인
2022-10-24 07:03:00,40000,군자동,군자 메가박스 앞,주차금지(황색점선)구역,미견인
2022-10-24 07:07:00,40000,중곡동,우리은행 앞,주차금지(황색점선)구역,미견인
2022-10-24 07:20:00,40000,구의동,강변역 1번 출구,주정차금지(황색실선)구역,미견인
2022-10-24 07:33:00,32000,중곡동,MB모터스 옆,교차로,미견인
2022-10-24 07:38:00,40000,자양동,CU 자양써밋플레이스점 건너,횡단보도,미견인
2022-10-24 07:51:00,40000,중곡동,MB모터스 옆,주차금지(황색점선)구역,미견인
2022-10-24 08:59:00,32000,구의동,강변역 1번 출구,주정차금지(황색실선)구역,미견인
2022-10-24 09:54:00,40000,구의동,서울특별시 광진구 광나루로 513,보도,미견인
2022-10-24 10:25:00,32000,중곡동,MB모터스 옆,주차금지(황색점선)구역,미견인
2022-10-24 10:29:00,40000,군자동,광진광장,주차금지(황색점선)구역,미견인
2022-10-24 10:33:00,32000,중곡동,우리은행 앞,교차로,미견인
2022-10-24 10:46:00,32000,능동,군자역 5번가구할인매장앞,주정차금지(황색실선)구역,미견인
2022-10-24 11:05:00,32000,구의동,지너스타워 주차장 앞,횡단보도,미견인
2022-10-24 11:08:00,32000,구의동,지너스타워 주차장 앞,교통소통장애,미견인
2022-10-24 11:11:00,40000,화양동,건대입구 1번 출구 앞,주차금지(황색점선)구역,미견인
2022-10-24 11:20:00,40000,자양동,성동초등학교 앞,주차금지(황색점선)구역,미견인
2022-10-24 11:21:00,32000,자양동,자양동 동제한의원 앞,주차금지(황색점선)구역,미견인
2022-10-24 11:34:00,40000,중곡동,군자역 1번명품갤러리앞,주정차금지(황색실선)구역,미견인
2022-10-24 12:53:00,32000,구의동,구의동 웰츠타워 앞,교통소통장애,미견인
2022-10-24 13:03:00,40000,중곡동,우리은행 앞,횡단보도,미견인
2022-10-24 13:16:00,32000,중곡동,MB모터스 옆,횡단보도,미견인
2022-10-24 13:24:00,32000,능동,서울시민안전체험관 앞,주차금지(황색점선)구역,미견인
2022-10-24 13:27:00,32000,구의동,구의동 웰츠타워 앞,교통소통장애,미견인
2022-10-24 13:32:00,40000,광장동,모두투어앞,주차금지(황색점선)구역,미견인
2022-10-24 13:35:00,40000,중곡동,675,보도,미견인
2022-10-24 13:39:00,32000,중곡동,161-23,보도,미견인
2022-10-24 14:16:00,32000,중곡동,서울특별시 광진구 능동로 342,보도,미견인
2022-10-24 14:22:00,32000,중곡동,서울특별시 광진구 능동로 330,보도,미견인
2022-10-24 14:22:00,32000,광장동,광장 힐스테이 상가 건너편,주차금지(황색점선)구역,미견인
2022-10-24 14:53:00,120000,자양동,이튼타워리버3차 앞,특별구역,미견인
2022-10-24 15:03:00,20000,능동,서울특별시 광진구 능동로 256,보도,미견인
2022-10-24 15:08:00,40000,자양동,자양호반써밋플레이스 앞,교통소통장애,미견인
2022-10-24 15:17:00,40000,중곡동,태양주유소 앞,주차금지(황색점선)구역,미견인
2022-10-24 15:30:00,40000,구의동,구의동 웰츠타워 앞,주정차금지(황색실선)구역,미견인
2022-10-24 15:36:00,32000,중곡동,서울특별시 광진구 능동로 335,보도,미견인
2022-10-24 15:40:00,40000,중곡동,서울특별시 광진구 능동로 333-1,보도,미견인
2022-10-24 15:43:00,40000,중곡동,서울특별시 광진구 능동로 335,보도,미견인
2022-10-24 15:55:00,96000,자양동,이튼타워리버3차 앞,보도,미견인
2022-10-24 16:06:00,40000,중곡동,우리은행 앞,주차금지(황색점선)구역,미견인
2022-10-24 16:14:00,32000,중곡동,서울특별시 광진구 천호대로 537,보도,미견인
2022-10-24 16:17:00,32000,자양동,자양호반써밋플레이스 앞,교통소통장애,미견인
2022-10-24 16:35:00,32000,구의동,강변역 1번 출구,주정차금지(황색실선)구역,미견인
2022-10-24 16:48:00,32000,능동,서울특별시 광진구 능동로 272,보도,미견인
2022-10-24 17:22:00,40000,중곡동,우리은행 앞,주차금지(황색점선)구역,미견인
2022-10-24 17:28:00,40000,구의동,서울특별시 광진구 자양로 259,보도,미견인
2022-10-24 17:38:00,40000,중곡동,서울특별시 광진구 능동로 335,보도,미견인
2022-10-24 17:38:00,40000,구의동,서울특별시 광진구 자양로 241,보도,미견인
2022-10-24 17:42:00,32000,자양동,553-376,횡단보도,미견인
2022-10-24 17:43:00,40000,구의동,129-2,보도,미견인
2022-10-24 17:46:00,32000,구의동,서울특별시 광진구 자양로 220-1,보도,미견인
2022-10-24 18:01:00,32000,구의동,동서울터미널 주차장 앞,주차금지(황색점선)구역,미견인
2022-10-24 18:16:00,40000,중곡동,서울특별시 광진구 천호대로 601,보도,미견인
2022-10-24 18:19:00,40000,중곡동,서울특별시 광진구 천호대로 625,보도,미견인
2022-10-24 18:23:00,40000,광장동,341-5,보도,미견인
2022-10-24 18:27:00,32000,중곡동,우리은행 앞,횡단보도,미견인
2022-10-24 18:36:00,40000,중곡동,서울특별시 광진구 긴고랑로 43,버스정류소,미견인
2022-10-24 18:40:00,40000,중곡동,서울특별시 광진구 능동로 378,보도,미견인
2022-10-24 18:45:00,32000,중곡동,서울특별시 광진구 능동로 380,보도,미견인
2022-10-24 19:00:00,32000,구의동,동서울터미널 주차장 앞,주차금지(황색점선)구역,미견인
2022-10-24 19:00:00,40000,구의동,구의동 웰츠타워 앞,교통소통장애,미견인
2022-10-24 19:02:00,40000,중곡동,MB모터스 옆,주차금지(황색점선)구역,미견인
2022-10-24 19:11:00,120000,광장동,486-1,특별구역,미견인
2022-10-24 19:12:00,120000,중곡동,신성그랜드타워 앞,보도,미견인
2022-10-24 19:34:00,40000,중곡동,MB모터스 옆,주차금지(황색점선)구역,미견인
2022-10-24 19:35:00,32000,자양동,서울특별시 광진구 동일로18길 10,교차로,미견인
2022-10-24 19:56:00,32000,중곡동,우리은행 앞,주차금지(황색점선)구역,미견인
2022-10-24 20:03:00,32000,구의동,구의동 웰츠타워 앞,교통소통장애,미견인
2022-10-24 20:25:00,32000,광장동,580,보도,미견인
2022-10-24 21:07:00,32000,자양동,건대역약국 앞,횡단보도,미견인
2022-10-24 21:24:00,32000,구의동,강변역 1번 출구,주정차금지(황색실선)구역,미견인
2022-10-24 21:24:00,40000,구의동,지너스타워 주차장 앞,주정차금지(황색실선)구역,미견인
2022-10-25 07:24:00,40000,구의동,강변역 1번 출구,주정차금지(황색실선)구역,미견인
2022-10-25 07:39:00,32000,중곡동,MB모터스 옆,주차금지(황색점선)구역,미견인
2022-10-25 07:58:00,40000,구의동,강변역 1번 출구,주정차금지(황색실선)구역,미견인
2022-10-25 08:09:00,104000,자양동,이튼타워리버3차 앞,횡단보도,미견인
2022-10-25 08:19:00,32000,광장동,광장 힐스테이 상가 건너편,주차금지(황색점선)구역,미견인
2022-10-25 08:51:00,32000,군자동,군자역 8번 부근앞,주정차금지(황색실선)구역,미견인
2022-10-25 08:51:00,32000,중곡동,서울특별시 광진구 천호대로 595,보도,미견인
2022-10-25 09:02:00,40000,구의동,구의동 웰츠타워 앞,교통소통장애,미견인
2022-10-25 09:36:00,40000,구의동,프라임아파트 정문(213동),주정차금지(황색실선)구역,미견인
2022-10-25 10:05:00,32000,중곡동,고신경정신과의원 앞,주차금지(황색점선)구역,미견인
2022-10-25 10:08:00,32000,구의동,강변역 1번 출구,주정차금지(황색실선)구역,미견인
2022-10-25 10:25:00,40000,자양동,자양동 동제한의원 앞,주차금지(황색점선)구역,미견인
2022-10-25 11:03:00,40000,중곡동,태양주유소 앞,주차금지(황색점선)구역,미견인
2022-10-25 11:08:00,40000,중곡동,우리은행 앞,주차금지(황색점선)구역,미견인
2022-10-25 11:19:00,40000,구의동,구의동 웰츠타워 앞,주차금지(황색점선)구역,미견인
2022-10-25 11:23:00,32000,구의동,국민은행 앞,도로 모퉁이,미견인
2022-10-25 12:27:00,32000,중곡동,298-1,보도,미견인
2022-10-25 12:51:00,40000,구의동,강변역 1번 출구,주정차금지(황색실선)구역,미견인
2022-10-25 12:53:00,40000,군자동,광진광장,주차금지(황색점선)구역,미견인
2022-10-25 13:35:00,32000,군자동,서울특별시 광진구 동일로 312,보도,미견인
2022-10-25 13:40:00,32000,구의동,강변역 1번 출구,주정차금지(황색실선)구역,미견인
2022-10-25 13:47:00,32000,자양동,서울특별시 광진구 아차산로 298,보도,미견인
2022-10-25 13:52:00,32000,자양동,자양동 동제한의원 앞,교차로,미견인
2022-10-25 14:00:00,96000,중곡동,신성그랜드타워 앞,보도,미견인
2022-10-25 14:03:00,40000,중곡동,군자역 1번명품갤러리앞,주정차금지(황색실선)구역,미견인
2022-10-25 14:23:00,40000,구의동,구의동 웰츠타워 앞,주차금지(황색점선)구역,미견인
2022-10-25 14:30:00,32000,중곡동,232-1,교차로,미견인
2022-10-25 14:30:00,40000,중곡동,MB모터스 옆,주차금지(황색점선)구역,미견인
2022-10-25 15:02:00,32000,구의동,서울특별시 광진구 아차산로 401,보도,미견인
2022-10-25 15:23:00,32000,자양동,건대역약국 앞,횡단보도,미견인
2022-10-25 15:42:00,32000,자양동,김밥타운 앞,주차금지(황색점선)구역,미견인
2022-10-25 16:00:00,40000,자양동,553-517,횡단보도,미견인
2022-10-25 16:11:00,40000,화양동,건대입구 3번 출구 앞,횡단보도,미견인
2022-10-25 16:26:00,32000,능동,군자역 5번가구할인매장앞,주정차금지(황색실선)구역,미견인
2022-10-25 16:28:00,40000,구의동,서울특별시 광진구 강변역로4길 34,횡단보도,미견인
2022-10-25 16:33:00,40000,구의동,서울특별시 광진구 구의강변로 38,보도,미견인
2022-10-25 16:35:00,32000,구의동,강변역 1번 출구,주정차금지(황색실선)구역,미견인
2022-10-25 16:51:00,40000,군자동,군자역 8번 부근앞,주차금지(황색점선)구역,미견인
2022-10-25 17:01:00,32000,중곡동,우리은행 앞,주차금지(황색점선)구역,미견인
2022-10-25 17:05:00,32000,구의동,서울특별시 광진구 구의강변로 22,횡단보도,미견인
2022-10-25 17:26:00,40000,자양동,김밥타운 앞,주차금지(황색점선)구역,미견인
2022-10-25 17:32:00,32000,자양동,서울특별시 광진구 아차산로 236,보도,미견인
2022-10-25 17:42:00,32000,중곡동,중곡문화체육센터 앞,주차금지(황색점선)구역,미견인
2022-10-25 17:43:00,32000,중곡동,서울특별시 광진구 천호대로 597,보도,미견인
2022-10-25 17:48:00,32000,능동,서울특별시 광진구 천호대로 642-1,보도,미견인
2022-10-25 17:48:00,40000,군자동,광진광장,주정차금지(황색실선)구역,미견인
2022-10-25 17:52:00,40000,중곡동,우리은행 앞,주차금지(황색점선)구역,미견인
2022-10-25 17:59:00,96000,구의동,강변 스파랜드 앞,주차금지(황색점선)구역,미견인
2022-10-25 18:01:00,32000,중곡동,서울특별시 광진구 긴고랑로 43,버스정류소,미견인
2022-10-25 18:06:00,32000,자양동,853-3,교차로,미견인
2022-10-25 18:24:00,40000,군자동,473-21,보도,미견인
2022-10-25 18:35:00,32000,중곡동,서울특별시 광진구 천호대로 533,보도,미견인
2022-10-25 18:36:00,40000,구의동,지너스타워 주차장 앞,주정차금지(황색실선)구역,미견인
2022-10-25 18:38:00,8000,중곡동,서울특별시 광진구 천호대로 537,보도,미견인
2022-10-25 19:07:00,32000,자양동,자양동 동제한의원 앞,교차로,미견인
2022-10-25 19:09:00,40000,군자동,355-9,보도,미견인
2022-10-25 19:18:00,120000,광장동,486-1,특별구역,미견인
2022-10-25 19:21:00,96000,광장동,453-7,특별구역,미견인
2022-10-25 19:23:00,32000,광장동,453-7,특별구역,미견인
2022-10-25 19:34:00,32000,광장동,396-2,보도,미견인
2022-10-25 19:35:00,32000,화양동,서울특별시 광진구 능동로19길 35,교차로,미견인
2022-10-25 19:36:00,32000,광장동,396-2,보도,미견인
2022-10-25 19:37:00,32000,화양동,서울특별시 광진구 능동로19길 35,교차로,미견인
2022-10-25 19:38:00,32000,광장동,396-13,보도,미견인
2022-10-25 20:00:00,32000,구의동,구의동 웰츠타워 앞,교통소통장애,미견인
2022-10-25 20:02:00,32000,중곡동,고신경정신과의원 앞,주차금지(황색점선)구역,미견인
2022-10-25 20:13:00,32000,구의동,지너스타워 주차장 앞,횡단보도,미견인
2022-10-25 20:58:00,40000,구의동,구의동 웰츠타워 앞,횡단보도,미견인
2022-10-25 21:18:00,40000,구의동,구의동 웰츠타워 앞,교통소통장애,미견인
2022-10-25 21:31:00,32000,화양동,서울특별시 광진구 능동로19길 35,교차로,미견인
2022-10-25 21:47:00,32000,화양동,건대입구 1번 출구 앞,교통소통장애,미견인
2022-10-25 23:23:00,40000,중곡동,675,버스정류소,미견인
2022-10-26 00:20:00,40000,화양동,48-25,교차로,미견인
2022-10-26 00:38:00,32000,화양동,Jun-49,소화전,미견인
2022-10-26 01:00:00,32000,구의동,서울특별시 광진구 강변역로4길 10,횡단보도,미견인
2022-10-26 01:29:00,32000,중곡동,서울특별시 광진구 긴고랑로44길 4,보도,미견인
2022-10-26 07:05:00,32000,중곡동,중곡문화체육센터 앞,주차금지(황색점선)구역,미견인
2022-10-26 07:10:00,32000,군자동,세종대정문,주차금지(황색점선)구역,미견인
2022-10-26 07:34:00,40000,중곡동,MB모터스 옆,주차금지(황색점선)구역,미견인
2022-10-26 07:40:00,32000,군자동,270,보도,미견인
2022-10-26 08:02:00,40000,중곡동,MB모터스 옆,주차금지(황색점선)구역,미견인
2022-10-26 08:51:00,40000,중곡동,서울특별시 광진구 천호대로 597,보도,미견인
2022-10-26 08:54:00,40000,중곡동,서울특별시 광진구 천호대로 577,보도,미견인
2022-10-26 08:57:00,32000,능동,서울특별시 광진구 천호대로 574,보도,미견인
2022-10-26 09:01:00,40000,구의동,강변역 1번 출구,주정차금지(황색실선)구역,미견인
2022-10-26 09:08:00,50000,구의동,강변역 1번 출구,주정차금지(황색실선)구역,미견인
2022-10-26 09:08:00,40000,군자동,두산위브 앞,주차금지(황색점선)구역,미견인
2022-10-26 09:38:00,32000,군자동,서울특별시 광진구 능동로 271-1,보도,미견인
2022-10-26 09:55:00,32000,능동,서울특별시 광진구 능동로 258,보도,미견인
2022-10-26 09:58:00,40000,능동,서울특별시 광진구 능동로 272,보도,미견인
2022-10-26 10:31:00,40000,자양동,성동초등학교 앞,주차금지(황색점선)구역,미견인
2022-10-26 10:52:00,40000,구의동,강변 스파랜드 앞,주차금지(황색점선)구역,미견인
2022-10-26 11:09:00,32000,군자동,군자 메가박스 앞,교통소통장애,미견인
2022-10-26 11:23:00,20000,군자동,광진광장,주차금지(황색점선)구역,미견인
2022-10-26 12:06:00,32000,중곡동,우리은행 앞,주차금지(황색점선)구역,미견인
2022-10-26 12:31:00,50000,구의동,강변역 1번 출구,주정차금지(황색실선)구역,미견인
2022-10-26 13:15:00,32000,자양동,680-72,보도,미견인
2022-10-26 13:18:00,40000,구의동,구의동 웰츠타워 앞,교통소통장애,미견인
2022-10-26 13:29:00,50000,구의동,강변역 1번 출구,주정차금지(황색실선)구역,미견인
2022-10-26 13:58:00,50000,능동,아씨방 앞,주정차금지(황색실선)구역,미견인
2022-10-26 14:02:00,50000,구의동,아차산역 5번출구 앞,도로 모퉁이,미견인
2022-10-26 14:10:00,32000,군자동,두산위브 앞,주정차금지(황색실선)구역,미견인
2022-10-26 14:36:00,32000,능동,서울특별시 광진구 능동로 267,보도,미견인
2022-10-26 14:36:00,32000,중곡동,우리은행 앞,도로 모퉁이,미견인
2022-10-26 15:10:00,96000,자양동,성동초등학교 앞,주정차금지(황색실선)구역,미견인
2022-10-26 15:12:00,32000,자양동,이튼타워리버3차 앞,주차금지(황색점선)구역,미견인
2022-10-26 15:14:00,96000,자양동,성동초등학교 앞,주정차금지(황색실선)구역,미견인
2022-10-26 15:22:00,32000,광장동,광장 힐스테이 상가 건너편,주차금지(황색점선)구역,미견인
2022-10-26 16:07:00,40000,구의동,구의동 웰츠타워 앞,교통소통장애,미견인
2022-10-26 16:29:00,40000,구의동,강변역 1번 출구,주정차금지(황색실선)구역,미견인
2022-10-26 16:31:00,32000,중곡동,162-2,보도,미견인
2022-10-26 16:42:00,32000,자양동,자양동 동제한의원 앞,주차금지(황색점선)구역,미견인
2022-10-26 16:50:00,32000,중곡동,태양주유소 앞,교차로,미견인
2022-10-26 16:52:00,32000,중곡동,우리은행 앞,주차금지(황색점선)구역,미견인
2022-10-26 17:04:00,40000,군자동,Feb-47,보도,미견인
2022-10-26 17:04:00,32000,구의동,지너스타워 주차장 앞,주정차금지(황색실선)구역,미견인
2022-10-26 17:18:00,32000,구의동,지너스타워 주차장 앞,주정차금지(황색실선)구역,미견인
2022-10-26 17:24:00,32000,구의동,프라임아파트 정문(213동),주정차금지(황색실선)구역,미견인
2022-10-26 17:44:00,40000,자양동,서울특별시 광진구 동일로12길 28,교차로,미견인
2022-10-26 17:53:00,32000,중곡동,서울특별시 광진구 능동로 373,보도,미견인
2022-10-26 18:02:00,32000,중곡동,중곡문화체육센터 앞,주차금지(황색점선)구역,미견인
2022-10-26 18:11:00,40000,중곡동,서울특별시 광진구 긴고랑로 71,버스정류소,미견인
2022-10-26 18:38:00,32000,군자동,355-14,보도,미견인
2022-10-26 19:02:00,40000,구의동,동서울터미널 주차장 앞,교통소통장애,미견인
2022-10-26 19:02:00,40000,화양동,건대입구 3번 출구 앞,주차금지(황색점선)구역,미견인
2022-10-26 19:04:00,40000,군자동,세종대정문,주차금지(황색점선)구역,미견인
2022-10-26 19:05:00,40000,구의동,강변역 1번 출구,주정차금지(황색실선)구역,미견인
2022-10-26 19:06:00,40000,군자동,군자 메가박스 앞,주차금지(황색점선)구역,미견인
2022-10-26 19:14:00,40000,중곡동,우리은행 앞,주차금지(황색점선)구역,미견인
2022-10-26 19:20:00,32000,중곡동,우리은행 앞,교차로,미견인
2022-10-26 19:49:00,40000,능동,군자역 5번가구할인매장앞,주정차금지(황색실선)구역,미견인
2022-10-26 19:52:00,32000,중곡동,공원약국 앞,주정차금지(황색실선)구역,미견인
2022-10-26 19:54:00,32000,중곡동,우리은행 앞,보도,미견인
2022-10-26 19:55:00,32000,구의동,국민은행 앞,주차금지(황색점선)구역,미견인
2022-10-26 19:55:00,96000,구의동,프라임아파트 정문(213동),특별구역,미견인
2022-10-26 20:06:00,32000,군자동,군자 메가박스 앞,주차금지(황색점선)구역,미견인
2022-10-26 20:22:00,40000,구의동,강변 스파랜드 앞,주차금지(황색점선)구역,미견인
2022-10-26 20:50:00,32000,구의동,구의동 웰츠타워 앞,주차금지(황색점선)구역,미견인
2022-10-26 21:13:00,32000,자양동,853-3,교차로,미견인
2022-10-26 21:13:00,32000,중곡동,272-9,보도,미견인
2022-10-26 21:18:00,32000,중곡동,675,보도,미견인
2022-10-26 21:44:00,40000,중곡동,서울특별시 광진구 긴고랑로 43,버스정류소,미견인
2022-10-26 22:20:00,32000,자양동,서울특별시 광진구 동일로12길 24,교차로,미견인
2022-10-26 22:39:00,32000,자양동,855-2,안전지대,미견인
2022-10-26 23:19:00,32000,자양동,서울특별시 광진구 아차산로 234,보도,미견인
2022-10-26 23:22:00,40000,중곡동,142-36,횡단보도,미견인
2022-10-27 01:29:00,32000,중곡동,서울특별시 광진구 긴고랑로 171,버스정류소,미견인
2022-10-27 01:33:00,32000,중곡동,서울특별시 광진구 긴고랑로44길 4,보도,미견인
2022-10-27 07:05:00,40000,군자동,광진광장,주정차금지(황색실선)구역,미견인
2022-10-27 07:07:00,40000,중곡동,고신경정신과의원 앞,주차금지(황색점선)구역,미견인
2022-10-27 07:12:00,50000,능동,군자역 5번가구할인매장앞,주정차금지(황색실선)구역,미견인
2022-10-27 07:33:00,32000,중곡동,MB모터스 옆,주차금지(황색점선)구역,미견인
2022-10-27 07:34:00,40000,중곡동,MB모터스 옆,주차금지(황색점선)구역,미견인
2022-10-27 07:47:00,40000,중곡동,MB모터스 옆,주차금지(황색점선)구역,미견인
2022-10-27 08:04:00,32000,구의동,강변역 1번 출구,주정차금지(황색실선)구역,미견인
2022-10-27 08:13:00,32000,군자동,세종대정문,주차금지(황색점선)구역,미견인
2022-10-27 08:37:00,40000,광장동,광장 힐스테이 상가 건너편,주차금지(황색점선)구역,미견인
2022-10-27 08:51:00,40000,중곡동,서울특별시 광진구 천호대로 621,보도,미견인
2022-10-27 08:53:00,40000,중곡동,"서울 광진구 천호대로117길 25 (중곡동, 그린트리아파트)",교차로,미견인
2022-10-27 09:40:00,40000,중곡동,공원약국 앞,주정차금지(황색실선)구역,미견인
2022-10-27 09:41:00,96000,중곡동,신성그랜드타워 앞,보도,미견인
2022-10-27 10:34:00,32000,구의동,동서울터미널 주차장 앞,주차금지(황색점선)구역,미견인
2022-10-27 10:39:00,96000,자양동,성동초등학교 앞,주정차금지(황색실선)구역,미견인
2022-10-27 10:54:00,40000,구의동,203-27,보도,미견인
2022-10-27 10:58:00,40000,중곡동,우리은행 앞,도로 모퉁이,미견인
2022-10-27 11:15:00,40000,자양동,파리바게트 앞,보도,미견인
2022-10-27 11:20:00,96000,중곡동,신성그랜드타워 앞,보도,미견인
2022-10-27 11:29:00,32000,능동,군자역 5번가구할인매장앞,주정차금지(황색실선)구역,미견인
2022-10-27 12:59:00,32000,구의동,구의동 웰츠타워 앞,교통소통장애,미견인
2022-10-27 13:10:00,130000,자양동,성동초등학교 앞,특별구역,미견인
2022-10-27 13:45:00,32000,군자동,두산위브 앞,주차금지(황색점선)구역,미견인
2022-10-27 13:56:00,32000,중곡동,우리은행 앞,보도,미견인
2022-10-27 14:10:00,40000,중곡동,우리은행 앞,주차금지(황색점선)구역,미견인
2022-10-27 14:17:00,32000,자양동,자양호반써밋플레이스 앞,주정차금지(황색실선)구역,미견인
2022-10-27 14:22:00,40000,구의동,구의동 웰츠타워 앞,횡단보도,미견인
2022-10-27 14:27:00,32000,광장동,광장 힐스테이 상가 건너편,주차금지(황색점선)구역,미견인
2022-10-27 14:56:00,32000,군자동,군자 메가박스 앞,주차금지(황색점선)구역,미견인
2022-10-27 15:01:00,32000,군자동,광진광장,주정차금지(황색실선)구역,미견인
2022-10-27 15:12:00,32000,중곡동,태양주유소 앞,주차금지(황색점선)구역,미견인
2022-10-27 15:22:00,32000,구의동,현대2단지아파트 앞,주정차금지(황색실선)구역,미견인
2022-10-27 15:36:00,32000,중곡동,MB모터스 옆,주차금지(황색점선)구역,미견인
2022-10-27 15:36:00,32000,자양동,자양동 동제한의원 앞,주차금지(황색점선)구역,미견인
2022-10-27 15:48:00,40000,면목로17길,28(중곡동 568-4),소화전,미견인
2022-10-27 15:59:00,32000,구의동,서울특별시 광진구 구의강변로 38,보도,미견인
2022-10-27 16:07:00,32000,구의동,서울특별시 광진구 구의강변로 22,횡단보도,미견인
2022-10-27 16:16:00,32000,화양동,건대입구 1번 출구 앞,주정차금지(황색실선)구역,미견인
2022-10-27 16:29:00,32000,자양동,건대역약국 앞,주차금지(황색점선)구역,미견인
2022-10-27 16:35:00,32000,중곡동,중곡문화체육센터 앞,주차금지(황색점선)구역,미견인
2022-10-27 16:38:00,40000,구의동,서울 광진구 구의동 546-11,횡단보도,미견인
2022-10-27 16:39:00,32000,자양동,CU 자양써밋플레이스점 건너,보도,미견인
2022-10-27 16:45:00,32000,구의동,지너스타워 주차장 앞,주정차금지(황색실선)구역,미견인
2022-10-27 16:50:00,40000,구의동,지너스타워 주차장 앞,주정차금지(황색실선)구역,미견인
2022-10-27 17:00:00,40000,군자동,광진광장,주정차금지(황색실선)구역,미견인
2022-10-27 17:35:00,32000,중곡동,중곡문화체육센터 앞,주차금지(황색점선)구역,미견인
2022-10-27 17:42:00,32000,능동,18-13,횡단보도,미견인
2022-10-27 18:02:00,32000,중곡동,우리은행 앞,주차금지(황색점선)구역,미견인
2022-10-27 18:17:00,40000,자양동,자양동 동제한의원 앞,교통소통장애,미견인
2022-10-27 18:23:00,32000,구의동,지너스타워 주차장 앞,주정차금지(황색실선)구역,미견인
2022-10-27 18:29:00,32000,자양동,627-2,횡단보도,미견인
2022-10-27 18:40:00,40000,중곡동,MB모터스 옆,횡단보도,미견인
2022-10-27 19:09:00,32000,능동,어린이대공원 정문,주차금지(황색점선)구역,미견인
2022-10-27 19:22:00,120000,군자동,노인종합복지관 앞,주차금지(황색점선)구역,미견인
2022-10-27 19:31:00,40000,자양동,서울특별시 광진구 동일로18길 10,교차로,미견인
2022-10-27 19:31:00,32000,중곡동,우리은행 앞,주차금지(황색점선)구역,미견인
2022-10-27 19:54:00,40000,구의동,631-1,버스정류소,미견인
2022-10-27 19:55:00,40000,자양동,건대역약국 앞,주차금지(황색점선)구역,미견인
2022-10-27 19:56:00,96000,군자동,노인종합복지관 앞,주차금지(황색점선)구역,미견인
2022-10-27 20:48:00,40000,구의동,구의동 웰츠타워 앞,주차금지(황색점선)구역,미견인
2022-10-27 20:59:00,32000,구의동,지너스타워 주차장 앞,교통소통장애,미견인
2022-10-27 21:19:00,32000,중곡동,서울특별시 광진구 천호대로 537,보도,미견인
2022-10-27 21:21:00,40000,중곡동,서울특별시 광진구 천호대로 537,보도,미견인
2022-10-27 21:23:00,32000,중곡동,서울특별시 광진구 천호대로 537,보도,미견인
2022-10-27 21:23:00,32000,중곡동,150-196,횡단보도,미견인
2022-10-27 21:26:00,32000,중곡동,서울특별시 광진구 긴고랑로 90,횡단보도,미견인
2022-10-27 21:49:00,32000,중곡동,서울특별시 광진구 긴고랑로 31,보도,미견인
2022-10-27 21:53:00,40000,중곡동,서울특별시 광진구 긴고랑로 43,버스정류소,미견인
2022-10-27 22:02:00,32000,구의동,서울특별시 광진구 아차산로55길 20,횡단보도,미견인
2022-10-27 22:19:00,40000,중곡동,서울특별시 광진구 능동로 339,버스정류소,미견인
2022-10-27 23:04:00,32000,군자동,01-02,보도,미견인
2022-10-27 23:34:00,32000,중곡동,647-22,보도,미견인
2022-10-28 07:15:00,32000,중곡동,중곡문화체육센터 앞,주차금지(황색점선)구역,미견인
2022-10-28 07:33:00,40000,중곡동,MB모터스 옆,주차금지(황색점선)구역,미견인
2022-10-28 07:34:00,40000,중곡동,MB모터스 옆,주차금지(황색점선)구역,미견인
2022-10-28 07:35:00,40000,중곡동,MB모터스 옆,주정차금지(황색실선)구역,미견인
2022-10-28 07:48:00,32000,중곡동,신성그랜드타워 앞,보도,미견인
2022-10-28 08:02:00,40000,군자동,두산위브 앞,주정차금지(황색실선)구역,미견인
2022-10-28 08:31:00,32000,중곡동,MB모터스 옆,주차금지(황색점선)구역,미견인
2022-10-28 08:47:00,32000,중곡동,Sep-79,횡단보도,미견인
2022-10-28 08:55:00,40000,중곡동,서울특별시 광진구 천호대로 585,보도,미견인
2022-10-28 09:04:00,32000,자양동,227-40,소화전,미견인
2022-10-28 09:09:00,32000,자양동,611-2,횡단보도,미견인
2022-10-28 09:53:00,32000,구의동,지너스타워 주차장 앞,주정차금지(황색실선)구역,미견인
2022-10-28 09:56:00,40000,구의동,동서울터미널 주차장 앞,주차금지(황색점선)구역,미견인
2022-10-28 10:08:00,32000,광장동,535-1,버스정류소,미견인
2022-10-28 10:23:00,32000,구의동,강변역 1번 출구,주정차금지(황색실선)구역,미견인
2022-10-28 10:53:00,32000,구의동,구의동 웰츠타워 앞,교통소통장애,미견인
2022-10-28 11:03:00,40000,군자동,광진광장,주정차금지(황색실선)구역,미견인
2022-10-28 11:09:00,120000,중곡동,중곡지구대 앞,주차금지(황색점선)구역,미견인
2022-10-28 11:10:00,40000,군자동,두산위브 앞,주차금지(황색점선)구역,미견인
2022-10-28 11:28:00,40000,중곡동,우리은행 앞,주차금지(황색점선)구역,미견인
2022-10-28 11:35:00,120000,자양동,성자초등학교 옆,특별구역,미견인
2022-10-28 11:50:00,96000,중곡동,신성그랜드타워 앞,보도,미견인
2022-10-28 11:55:00,32000,광장동,337-1,보도,미견인
2022-10-28 12:14:00,40000,구의동,구의동 웰츠타워 앞,주정차금지(황색실선)구역,미견인
2022-10-28 12:22:00,40000,광장동,서울특별시 광진구 광장동 370-3,안전지대,미견인
2022-10-28 13:10:00,32000,구의동,프라임아파트 정문(213동),주정차금지(황색실선)구역,미견인
2022-10-28 13:39:00,120000,중곡동,중곡지구대 앞,도로 모퉁이,미견인
2022-10-28 13:45:00,32000,중곡동,우리은행 앞,주차금지(황색점선)구역,미견인
2022-10-28 14:47:00,32000,구의동,국민은행 앞,주차금지(황색점선)구역,미견인
2022-10-28 15:10:00,32000,중곡동,우리은행 앞,주차금지(황색점선)구역,미견인
2022-10-28 15:10:00,32000,군자동,두산위브 앞,주정차금지(황색실선)구역,미견인
2022-10-28 15:14:00,120000,자양동,성동초등학교 앞,특별구역,미견인
2022-10-28 15:20:00,32000,중곡동,태양주유소 앞,주차금지(황색점선)구역,미견인
2022-10-28 15:26:00,20000,군자동,서울특별시 광진구 능동로 279,보도,미견인
2022-10-28 15:31:00,32000,중곡동,우리은행 앞,주차금지(황색점선)구역,미견인
2022-10-28 15:42:00,32000,중곡동,MB모터스 옆,주차금지(황색점선)구역,미견인
2022-10-28 15:47:00,32000,능동,서울특별시 광진구 능동로 260,보도,미견인
2022-10-28 15:50:00,32000,능동,서울특별시 광진구 능동로 266,보도,미견인
2022-10-28 15:53:00,40000,중곡동,우리은행 앞,보도,미견인
2022-10-28 16:21:00,32000,광장동,모두투어앞,주차금지(황색점선)구역,미견인
2022-10-28 16:30:00,32000,중곡동,군자역 1번명품갤러리앞,주정차금지(황색실선)구역,미견인
2022-10-28 16:34:00,120000,군자동,노인종합복지관 앞,특별구역,미견인
2022-10-28 16:34:00,32000,구의동,지너스타워 주차장 앞,교통소통장애,미견인
2022-10-28 16:48:00,32000,구의동,지너스타워 주차장 앞,주정차금지(황색실선)구역,미견인
2022-10-28 16:49:00,40000,군자동,광진광장,주차금지(황색점선)구역,미견인
2022-10-28 16:53:00,40000,군자동,군자역 8번 부근앞,교통소통장애,미견인
2022-10-28 16:57:00,32000,구의동,프라임아파트 정문(213동),교통소통장애,미견인
2022-10-28 16:58:00,40000,능동,군자역 5번가구할인매장앞,주정차금지(황색실선)구역,미견인
2022-10-28 17:19:00,32000,중곡동,우리은행 앞,주차금지(황색점선)구역,미견인
2022-10-28 17:20:00,40000,중곡동,MB모터스 옆,주차금지(황색점선)구역,미견인
2022-10-28 17:21:00,32000,군자동,세종대정문,주차금지(황색점선)구역,미견인
2022-10-28 17:33:00,40000,중곡동,우리은행 앞,주차금지(황색점선)구역,미견인
2022-10-28 17:42:00,32000,중곡동,MB모터스 옆,도로 모퉁이,미견인
2022-10-28 18:01:00,40000,구의동,서울특별시 광진구 아차산로 419,보도,미견인
2022-10-28 18:13:00,40000,중곡동,241-34,보도,미견인
2022-10-28 18:21:00,40000,중곡동,서울특별시 광진구 능동로 373,보도,미견인
2022-10-28 18:24:00,32000,구의동,지너스타워 주차장 앞,주정차금지(황색실선)구역,미견인
2022-10-28 18:28:00,8000,중곡동,150-196,횡단보도,미견인
2022-10-28 18:29:00,32000,중곡동,태양주유소 앞,주차금지(황색점선)구역,미견인
2022-10-28 18:36:00,40000,중곡동,Apr-37,횡단보도,미견인
2022-10-28 18:43:00,32000,중곡동,서울특별시 광진구 능동로 382,보도,미견인
2022-10-28 18:45:00,32000,구의동,지너스타워 주차장 앞,교통소통장애,미견인
2022-10-28 18:47:00,32000,구의동,지너스타워 주차장 앞,주정차금지(황색실선)구역,미견인
2022-10-28 18:49:00,32000,중곡동,서울특별시 광진구 긴고랑로 43,버스정류소,미견인
2022-10-28 18:49:00,40000,구의동,서울특별시 광진구 강변역로4길 10,횡단보도,미견인
2022-10-28 19:00:00,32000,중곡동,MB모터스 옆,횡단보도,미견인
2022-10-28 19:02:00,32000,중곡동,우리은행 앞,주차금지(황색점선)구역,미견인
2022-10-28 19:04:00,40000,자양동,서울특별시 광진구 동일로18길 10,교차로,미견인
2022-10-28 19:09:00,32000,군자동,두산위브 앞,주차금지(황색점선)구역,미견인
2022-10-28 19:12:00,32000,광장동,모두투어앞,주차금지(황색점선)구역,미견인
2022-10-28 19:14:00,32000,구의동,동서울터미널 주차장 앞,주차금지(황색점선)구역,미견인
2022-10-28 19:19:00,40000,중곡동,MB모터스 옆,주차금지(황색점선)구역,미견인
2022-10-28 19:21:00,32000,구의동,강변역 1번 출구,주정차금지(황색실선)구역,미견인
2022-10-28 20:03:00,32000,자양동,732-3,보도,미견인
2022-10-28 20:04:00,40000,군자동,광진광장,안전지대,미견인
2022-10-28 20:05:00,40000,자양동,677-7,보도,미견인
2022-10-28 20:07:00,32000,구의동,강변역 1번 출구,주정차금지(황색실선)구역,미견인
2022-10-28 20:09:00,32000,광장동,모두투어앞,주차금지(황색점선)구역,미견인
2022-10-28 20:14:00,50000,구의동,동서울터미널 주차장 앞,교통소통장애,미견인
2022-10-28 20:20:00,40000,능동,군자역 5번가구할인매장앞,주정차금지(황색실선)구역,미견인
2022-10-28 20:32:00,40000,구의동,지너스타워 주차장 앞,주정차금지(황색실선)구역,미견인
2022-10-28 20:47:00,40000,중곡동,태양주유소 앞,주차금지(황색점선)구역,미견인
2022-10-28 20:58:00,32000,구의동,동서울터미널 주차장 앞,교통소통장애,미견인
2022-10-28 21:02:00,32000,구의동,지너스타워 주차장 앞,주정차금지(황색실선)구역,미견인
2022-10-28 21:07:00,32000,구의동,동서울터미널 주차장 앞,주차금지(황색점선)구역,미견인
2022-10-28 21:20:00,40000,구의동,구의동 웰츠타워 앞,교통소통장애,미견인
2022-10-28 21:23:00,32000,구의동,지너스타워 주차장 앞,주정차금지(황색실선)구역,미견인
2022-10-28 21:44:00,32000,구의동,지너스타워 주차장 앞,주정차금지(황색실선)구역,미견인
2022-10-28 21:55:00,32000,광장동,554-7,버스정류소,미견인
2022-10-28 22:19:00,40000,광장동,281-2,횡단보도,미견인
2022-10-29 01:14:00,40000,구의동,서울특별시 광진구 강변역로4길 10,안전지대,미견인
2022-10-29 07:32:00,40000,능동,서울시민안전체험관 앞,주차금지(황색점선)구역,미견인
2022-10-29 07:38:00,32000,구의동,동서울터미널 주차장 앞,주정차금지(황색실선)구역,미견인
2022-10-29 10:32:00,32000,구의동,동서울터미널 주차장 앞,주차금지(황색점선)구역,미견인
2022-10-29 10:39:00,32000,광장동,486-1,버스정류소,미견인
2022-10-29 11:37:00,40000,구의동,지너스타워 주차장 앞,주정차금지(황색실선)구역,미견인
2022-10-29 12:27:00,32000,구의동,지너스타워 주차장 앞,교통소통장애,미견인
2022-10-29 13:10:00,40000,능동,256-2,보도,미견인
2022-10-29 14:14:00,32000,구의동,69-20,보도,미견인
2022-10-29 14:19:00,40000,구의동,70-30,보도,미견인
2022-10-29 14:21:00,40000,중곡동,서울특별시 광진구 동일로72길 4,보도,미견인
2022-10-29 14:22:00,50000,구의동,70-28,보도,미견인
2022-10-29 14:26:00,40000,구의동,80-14,보도,미견인
2022-10-29 14:28:00,40000,광장동,554-7,버스정류소,미견인
2022-10-29 14:29:00,40000,구의동,129-1,보도,미견인
2022-10-29 14:40:00,40000,중곡동,241-58,버스정류소,미견인
2022-10-29 14:42:00,32000,구의동,233-1,보도,미견인
2022-10-29 14:50:00,40000,중곡동,230-11,보도,미견인
2022-10-29 14:54:00,32000,중곡동,230-11,보도,미견인
2022-10-29 14:58:00,32000,중곡동,230-11,보도,미견인
2022-10-29 15:01:00,32000,군자동,355-9,보도,미견인
2022-10-29 15:28:00,40000,군자동,세종대정문,주차금지(황색점선)구역,미견인
2022-10-29 16:05:00,32000,중곡동,277-5,버스정류소,미견인
2022-10-29 16:18:00,32000,군자동,355-9,보도,미견인
2022-10-29 16:50:00,32000,광장동,320-6,버스정류소,미견인
2022-10-29 17:15:00,32000,구의동,동서울터미널 주차장 앞,주정차금지(황색실선)구역,미견인
2022-10-29 17:54:00,40000,구의동,지너스타워 주차장 앞,주정차금지(황색실선)구역,미견인
2022-10-29 18:04:00,32000,광장동,320-6,버스정류소,미견인
2022-10-29 18:31:00,40000,자양동,779-3,교차로,미견인
2022-10-29 18:35:00,40000,중곡동,서울특별시 광진구 긴고랑로 40,횡단보도,미견인
2022-10-29 18:35:00,32000,자양동,건대역약국 앞,주차금지(황색점선)구역,미견인
2022-10-29 18:37:00,40000,구의동,서울특별시 광진구 자양로 278-5,보도,미견인
2022-10-29 18:40:00,16000,중곡동,서울특별시 광진구 긴고랑로 43,버스정류소,미견인
2022-10-29 18:42:00,8000,군자동,355-9,보도,미견인
2022-10-29 19:00:00,32000,구의동,지너스타워 주차장 앞,주정차금지(황색실선)구역,미견인
2022-10-29 19:02:00,32000,중곡동,서울특별시 광진구 능동로 373,횡단보도,미견인
2022-10-29 19:07:00,40000,중곡동,서울특별시 광진구 천호대로 533,보도,미견인
2022-10-29 19:28:00,40000,광장동,551,버스정류소,미견인
2022-10-29 19:55:00,32000,광장동,287,버스정류소,미견인
2022-10-29 20:37:00,32000,구의동,지너스타워 주차장 앞,주정차금지(황색실선)구역,미견인
2022-10-29 21:24:00,40000,자양동,건대역약국 앞,주차금지(황색점선)구역,미견인
2022-10-29 21:48:00,32000,구의동,동서울터미널 주차장 앞,주정차금지(황색실선)구역,미견인
2022-10-29 22:01:00,40000,자양동,서울특별시 광진구 동일로18길 11,교차로,미견인
2022-10-29 22:12:00,40000,광장동,486-1,횡단보도,미견인
2022-10-29 22:37:00,32000,자양동,855-2,안전지대,미견인
2022-10-29 22:38:00,32000,자양동,855-2,안전지대,미견인
2022-10-29 22:41:00,32000,자양동,855-2,안전지대,미견인
2022-10-30 01:46:00,32000,중곡동,638-5,보도,미견인
2022-10-30 01:50:00,32000,중곡동,669,보도,미견인
2022-10-30 04:00:00,40000,중곡동,77-25,횡단보도,미견인
2022-10-30 06:29:00,40000,광장동,453-7,버스정류소,미견인
2022-10-30 08:02:00,32000,광장동,566,버스정류소,미견인
2022-10-30 08:33:00,32000,군자동,Jan-47,보도,미견인
2022-10-30 08:43:00,32000,군자동,489,보도,미견인
2022-10-30 08:53:00,40000,광장동,484,버스정류소,미견인
2022-10-30 09:23:00,32000,광장동,484,버스정류소,미견인
2022-10-30 09:24:00,32000,광장동,445-3,보도,미견인
2022-10-30 09:39:00,40000,구의동,지너스타워 주차장 앞,주정차금지(황색실선)구역,미견인
2022-10-30 10:55:00,10000,광장동,453-7,버스정류소,미견인
2022-10-30 11:00:00,32000,광장동,486-1,횡단보도,미견인
2022-10-30 12:04:00,32000,중곡동,629-5,보도,미견인
2022-10-30 12:14:00,50000,중곡동,24-3,보도,미견인
2022-10-30 12:53:00,32000,능동,246-1,보도,미견인
2022-10-30 13:05:00,40000,구의동,지너스타워 주차장 앞,주정차금지(황색실선)구역,미견인
2022-10-30 13:06:00,32000,자양동,722,횡단보도,미견인
2022-10-30 13:07:00,40000,중곡동,628-11,보도,미견인
2022-10-30 13:07:00,40000,중곡동,664,보도,미견인
2022-10-30 13:43:00,32000,중곡동,142-36,횡단보도,미견인
2022-10-30 13:43:00,40000,중곡동,142-36,횡단보도,미견인
2022-10-30 13:46:00,32000,구의동,동서울터미널 주차장 앞,주정차금지(황색실선)구역,미견인
2022-10-30 14:03:00,40000,자양동,805,보도,미견인
2022-10-30 14:09:00,32000,구의동,서울특별시 광진구 광나루로 620,보도,미견인
2022-10-30 15:25:00,32000,군자동,세종대정문,주차금지(황색점선)구역,미견인
2022-10-30 15:37:00,32000,중곡동,서울특별시 광진구 긴고랑로 43,버스정류소,미견인
2022-10-30 15:41:00,40000,중곡동,서울특별시 광진구 긴고랑로 43,버스정류소,미견인
2022-10-30 15:48:00,32000,중곡동,서울특별시 광진구 면목로 99-1,보도,미견인
2022-10-30 15:58:00,40000,중곡동,239-27,보도,미견인
2022-10-30 16:02:00,32000,중곡동,239-35,보도,미견인
2022-10-30 16:19:00,40000,중곡동,서울특별시 광진구 긴고랑로 43,버스정류소,미견인
2022-10-30 16:38:00,40000,중곡동,서울특별시 광진구 용마산로 84,버스정류소,미견인
2022-10-30 16:54:00,32000,중곡동,서울특별시 광진구 영화사로 29-1,버스정류소,미견인
2022-10-30 17:23:00,32000,중곡동,211-24,보도,미견인
2022-10-30 17:27:00,32000,중곡동,280-4,보도,미견인
2022-10-30 17:28:00,32000,중곡동,서울특별시 광진구 면목로 112,보도,미견인
2022-10-30 17:29:00,40000,구의동,지너스타워 주차장 앞,주정차금지(황색실선)구역,미견인
2022-10-30 17:45:00,32000,자양동,서울특별시 광진구 동일로12길 28,교차로,미견인
2022-10-30 19:18:00,32000,구의동,동서울터미널 주차장 앞,교통소통장애,미견인
2022-10-30 19:32:00,16000,구의동,30-34,보도,미견인
2022-10-30 19:33:00,40000,화양동,서울특별시 광진구 동일로 122,보도,미견인
2022-10-30 19:37:00,32000,구의동,229-47,횡단보도,미견인
2022-10-30 20:47:00,32000,중곡동,241-19,보도,미견인
2022-10-30 21:32:00,32000,구의동,지너스타워 주차장 앞,횡단보도,미견인
2022-10-30 21:49:00,32000,구의동,동서울터미널 주차장 앞,주차금지(황색점선)구역,미견인
2022-10-30 23:45:00,32000,구의동,서울특별시 광진구 광나루로 520,횡단보도,미견인
2022-10-31 01:08:00,32000,중곡동,서울특별시 광진구 긴고랑로44길 4,보도,미견인
2022-10-31 07:02:00,32000,중곡동,중곡문화체육센터 앞,주차금지(황색점선)구역,미견인
2022-10-31 07:06:00,40000,중곡동,우리은행 앞,주차금지(황색점선)구역,미견인
2022-10-31 07:06:00,40000,구의동,강변역 1번 출구,주정차금지(황색실선)구역,미견인
2022-10-31 07:16:00,32000,군자동,노인종합복지관 앞,보도,미견인
2022-10-31 07:36:00,40000,군자동,군자 메가박스 앞,주차금지(황색점선)구역,미견인
2022-10-31 08:56:00,32000,구의동,동서울터미널 주차장 앞,주차금지(황색점선)구역,미견인
2022-10-31 09:00:00,32000,중곡동,MB모터스 옆,주차금지(황색점선)구역,미견인
2022-10-31 09:37:00,32000,구의동,강변역 1번 출구,주정차금지(황색실선)구역,미견인
2022-10-31 09:46:00,32000,구의동,서울특별시 광진구 광나루로 512,보도,미견인
2022-10-31 09:47:00,40000,중곡동,태양주유소 앞,주차금지(황색점선)구역,미견인
2022-10-31 09:48:00,32000,구의동,서울특별시 광진구 광나루로 508,보도,미견인
2022-10-31 10:00:00,32000,광장동,광현교회 앞,횡단보도,미견인
2022-10-31 10:05:00,32000,중곡동,우리은행 앞,주차금지(황색점선)구역,미견인
2022-10-31 10:08:00,120000,자양동,성동초등학교 앞,특별구역,미견인
2022-10-31 10:14:00,40000,자양동,CU 자양써밋플레이스점 건너,보도,미견인
2022-10-31 10:18:00,32000,구의동,프라임아파트 정문(213동),교통소통장애,미견인
2022-10-31 10:40:00,40000,구의동,강변역 1번 출구,주정차금지(황색실선)구역,미견인
2022-10-31 10:54:00,32000,중곡동,우리은행 앞,횡단보도,미견인
2022-10-31 11:52:00,32000,중곡동,중곡지구대 앞,주차금지(황색점선)구역,미견인
2022-10-31 12:28:00,32000,중곡동,우리은행 앞,횡단보도,미견인
2022-10-31 12:50:00,32000,구의동,구의동 웰츠타워 앞,주정차금지(황색실선)구역,미견인
2022-10-31 12:56:00,32000,화양동,건대입구 3번 출구 앞,주차금지(황색점선)구역,미견인
2022-10-31 13:06:00,32000,구의동,강변역 1번 출구,주정차금지(황색실선)구역,미견인
2022-10-31 13:06:00,40000,구의동,강변역 1번 출구,주정차금지(황색실선)구역,미견인
2022-10-31 14:03:00,32000,능동,군자역 5번가구할인매장앞,주정차금지(황색실선)구역,미견인
2022-10-31 14:19:00,32000,자양동,553-517,횡단보도,미견인
2022-10-31 14:20:00,32000,구의동,강변역 1번 출구,주정차금지(황색실선)구역,미견인
2022-10-31 14:20:00,96000,자양동,성동초등학교 앞,주정차금지(황색실선)구역,미견인
2022-10-31 14:53:00,40000,중곡동,우리은행 앞,횡단보도,미견인
2022-10-31 14:54:00,32000,구의동,강변역 1번 출구,주정차금지(황색실선)구역,미견인
2022-10-31 15:07:00,32000,자양동,김밥타운 앞,주차금지(황색점선)구역,미견인
2022-10-31 15:28:00,32000,구의동,구의동 웰츠타워 앞,교통소통장애,미견인
2022-10-31 15:29:00,40000,구의동,동서울터미널 주차장 앞,주차금지(황색점선)구역,미견인
2022-10-31 15:43:00,40000,군자동,두산위브 앞,주정차금지(황색실선)구역,미견인
2022-10-31 15:53:00,40000,중곡동,서울특별시 광진구 용마산로 67,보도,미견인
2022-10-31 16:05:00,32000,구의동,강변역 1번 출구,주정차금지(황색실선)구역,미견인
2022-10-31 16:06:00,32000,구의동,지너스타워 주차장 앞,교통소통장애,미견인
2022-10-31 16:38:00,32000,구의동,강변역 1번 출구,주정차금지(황색실선)구역,미견인
2022-10-31 16:43:00,96000,구의동,강변 스파랜드 앞,특별구역,미견인
2022-10-31 16:51:00,40000,자양동,227-40,소화전,미견인
2022-10-31 17:58:00,50000,광장동,모두투어앞,주차금지(황색점선)구역,미견인
2022-10-31 17:59:00,32000,구의동,구의동 웰츠타워 앞,주차금지(황색점선)구역,미견인
2022-10-31 18:02:00,40000,군자동,서울특별시 광진구 능동로 245,보도,미견인
2022-10-31 18:11:00,32000,자양동,853-3,교차로,미견인
2022-10-31 18:17:00,40000,구의동,동서울터미널 주차장 앞,주차금지(황색점선)구역,미견인
2022-10-31 18:24:00,32000,중곡동,태양주유소 앞,주차금지(황색점선)구역,미견인
2022-10-31 18:37:00,32000,중곡동,신성그랜드타워 앞,보도,미견인
2022-10-31 18:39:00,32000,광장동,서울특별시 광진구 천호대로 808,보도,미견인
2022-10-31 18:42:00,32000,자양동,성동초등학교 앞,주차금지(황색점선)구역,미견인
2022-10-31 18:45:00,32000,구의동,강변 스파랜드 앞,주정차금지(황색실선)구역,미견인
2022-10-31 18:48:00,96000,자양동,성동초등학교 앞,특별구역,미견인
2022-10-31 18:54:00,40000,광장동,282-5,횡단보도,미견인
2022-10-31 19:12:00,32000,광장동,453-7,횡단보도,미견인
2022-10-31 19:17:00,32000,구의동,강변역 1번 출구,주정차금지(황색실선)구역,미견인
2022-10-31 19:17:00,40000,중곡동,MB모터스 옆,주차금지(황색점선)구역,미견인
2022-10-31 19:22:00,32000,광장동,425-2,보도,미견인
2022-10-31 19:23:00,32000,구의동,동서울터미널 주차장 앞,교통소통장애,미견인
2022-10-31 19:33:00,32000,군자동,두산위브 앞,주차금지(황색점선)구역,미견인
2022-10-31 19:35:00,32000,구의동,동서울터미널 주차장 앞,교통소통장애,미견인
2022-10-31 19:42:00,32000,자양동,627-2,횡단보도,미견인
2022-10-31 19:48:00,40000,중곡동,MB모터스 옆,주차금지(황색점선)구역,미견인
2022-10-31 19:52:00,32000,자양동,666-2,보도,미견인
2022-10-31 20:04:00,32000,중곡동,우리은행 앞,주차금지(황색점선)구역,미견인
2022-10-31 21:39:00,32000,광장동,484,버스정류소,미견인
2022-10-31 21:43:00,32000,광장동,484,교차로,미견인
